cycle,date_col,original_water_level,measured_water_level
0,16/6/2024 00:00,0.302,0.0
1,16/6/2024 01:00,0.302,0.0
2,16/6/2024 02:00,0.361,0.11289600000000002
3,16/6/2024 03:00,0.468,0.17148542976
4,16/6/2024 04:00,0.429,0.2352539431361421
5,16/6/2024 05:00,0.387,0.32363659796125116
6,16/6/2024 06:00,0.383,0.4512249566839642
7,16/6/2024 07:00,0.385,0.13517971386330996
8,16/6/2024 08:00,0.366,0.2973882731399082
9,16/6/2024 09:00,0.338,0.42336982508418236
10,16/6/2024 10:00,0.323,0.510757502101778
11,16/6/2024 11:00,0.327,0.1419231779197314
12,16/6/2024 12:00,0.339,0.3312912540121577
13,16/6/2024 13:00,0.37,0.45314085209564436
14,16/6/2024 14:00,0.363,0.47601152964470145
15,16/6/2024 15:00,0.312,0.1904190400935533
16,16/6/2024 16:00,0.303,0.2556235600404546
17,16/6/2024 17:00,0.302,0.375757529152342
18,16/6/2024 18:00,0.316,0.39118730313637873
19,16/6/2024 19:00,0.303,0.16105402963142365
20,16/6/2024 20:00,0.309,0.209557157448847
0,16/6/2024 00:00,0.302,0.0
1,16/6/2024 01:00,0.302,0.0
2,16/6/2024 02:00,0.361,0.17773055999999998
3,16/6/2024 03:00,0.468,0.22614945546239243
4,16/6/2024 04:00,0.429,0.26093514108624016
5,16/6/2024 05:00,0.387,0.34223919203031455
6,16/6/2024 06:00,0.383,0.37298441247289144
7,16/6/2024 07:00,0.385,0.37666294238654646
8,16/6/2024 08:00,0.366,0.39864001498685053
9,16/6/2024 09:00,0.338,0.4369371175684186
10,16/6/2024 10:00,0.323,0.45894661968874373
11,16/6/2024 11:00,0.327,0.5209006566673
12,16/6/2024 12:00,0.339,0.2084145452415012
13,16/6/2024 13:00,0.37,0.5765742680413204
14,16/6/2024 14:00,0.363,0.1957911019767271
15,16/6/2024 15:00,0.312,0.2597276507291743
16,16/6/2024 16:00,0.303,0.41522372240333916
17,16/6/2024 17:00,0.302,0.16609777441552503
18,16/6/2024 18:00,0.316,0.23711735775239534
19,16/6/2024 19:00,0.303,0.3138686804820158
20,16/6/2024 20:00,0.309,0.33465311720315954
0,16/6/2024 00:00,0.302,0.0
1,16/6/2024 01:00,0.302,0.0
2,16/6/2024 02:00,0.361,0.15706367999999998
3,16/6/2024 03:00,0.468,0.16636938240009502
4,16/6/2024 04:00,0.429,0.2999723336172115
5,16/6/2024 05:00,0.387,0.28650975904523407
6,16/6/2024 06:00,0.383,0.35995108238551343
7,16/6/2024 07:00,0.385,0.4272671257877161
8,16/6/2024 08:00,0.366,0.48103014851259185
9,16/6/2024 09:00,0.338,0.5220040684110675
10,16/6/2024 10:00,0.323,0.20890869015696661
11,16/6/2024 11:00,0.327,0.2827042738016866
12,16/6/2024 12:00,0.339,0.5530201101532399
13,16/6/2024 13:00,0.37,0.5233554354681823
14,16/6/2024 14:00,0.363,0.20937958173078264
15,16/6/2024 15:00,0.312,0.28257244180209357
16,16/6/2024 16:00,0.303,0.5046889987676078
17,16/6/2024 17:00,0.302,0.20188389120768485
18,16/6/2024 18:00,0.316,0.22021649244634248
0,16/6/2024 00:00,0.302,0.0
1,16/6/2024 01:00,0.302,0.0
2,16/6/2024 02:00,0.361,0.18643968
3,16/6/2024 03:00,0.468,0.15165414604800045
4,16/6/2024 04:00,0.429,0.24339622256630947
5,16/6/2024 05:00,0.387,0.3284883564153644
6,16/6/2024 06:00,0.383,0.3963777759889158
7,16/6/2024 07:00,0.385,0.38620512861143436
8,16/6/2024 08:00,0.366,0.44278767246635586
0,16/6/2024 00:00,0.302,0.0
1,16/6/2024 01:00,0.302,0.0
2,16/6/2024 02:00,0.361,0.18643968
3,16/6/2024 03:00,0.468,0.15785961799680046
4,16/6/2024 04:00,0.429,0.30372067791673735
5,16/6/2024 05:00,0.387,0.37852648037011155
6,16/6/2024 06:00,0.383,0.15472511749220855
7,16/6/2024 07:00,0.385,0.3602997930377113
8,16/6/2024 08:00,0.366,0.340656454052743
9,16/6/2024 09:00,0.338,0.40931546369773275
10,16/6/2024 10:00,0.323,0.4794536972133923
11,16/6/2024 11:00,0.327,0.5610304368254259
12,16/6/2024 12:00,0.339,0.22446647992927146
13,16/6/2024 13:00,0.37,0.29010997153025525
14,16/6/2024 14:00,0.363,0.5360722951261551
15,16/6/2024 15:00,0.312,0.21444338382424485
16,16/6/2024 16:00,0.303,0.2496629453152334
17,16/6/2024 17:00,0.302,0.3813156228886453
18,16/6/2024 18:00,0.316,0.43762055371769853
19,16/6/2024 19:00,0.303,0.1790393449371968
20,16/6/2024 20:00,0.309,0.22112822725573186
21,16/6/2024 21:00,0.316,0.3752675494770614
22,16/6/2024 22:00,0.325,0.16101422327210754
23,16/6/2024 23:00,0.316,0.21906292297236302
0,16/6/2024 00:00,0.302,0.0
1,16/6/2024 01:00,0.302,0.0
2,16/6/2024 02:00,0.361,0.08856576000000001
3,16/6/2024 03:00,0.468,0.15775984189440004
4,16/6/2024 04:00,0.429,0.22744127598983127
5,16/6/2024 05:00,0.387,0.3238223925213501
6,16/6/2024 06:00,0.383,0.403626527198534
7,16/6/2024 07:00,0.385,0.38096690676737854
8,16/6/2024 08:00,0.366,0.4413710103091285
9,16/6/2024 09:00,0.338,0.17669275146159802
10,16/6/2024 10:00,0.323,0.29932134534601673
11,16/6/2024 11:00,0.327,0.4705561895020303
12,16/6/2024 12:00,0.339,0.5833845084071306
13,16/6/2024 13:00,0.37,0.2598803032262899
14,16/6/2024 14:00,0.363,0.3839845861972206
15,16/6/2024 15:00,0.312,0.6284216050156993
16,16/6/2024 16:00,0.303,0.6599796646100149
17,16/6/2024 17:00,0.302,0.2844566474747632
18,16/6/2024 18:00,0.316,0.3678680787394958
19,16/6/2024 19:00,0.303,0.5489082257922565
20,16/6/2024 20:00,0.309,0.6655868759525193
21,16/6/2024 21:00,0.316,0.2768797206362805
22,16/6/2024 22:00,0.325,0.42115931105677945
23,16/6/2024 23:00,0.316,0.7059076887092802
24,17/6/2024 00:00,0.329,0.7439799349375368
25,17/6/2024 01:00,0.309,0.308068534823116
26,17/6/2024 02:00,0.521,0.37495943111599683
27,17/6/2024 03:00,0.491,0.6837781579391559
28,17/6/2024 04:00,0.417,0.7307266628134454
29,17/6/2024 05:00,0.393,0.31323279437278106
30,17/6/2024 06:00,0.332,0.36605899867096653
31,17/6/2024 07:00,0.343,0.3712314729787488
32,17/6/2024 08:00,0.355,0.372144663611743
33,17/6/2024 09:00,0.302,0.759786759547907
34,17/6/2024 10:00,0.237,0.8335658430567066
35,17/6/2024 11:00,0.227,0.8573999123483089
36,17/6/2024 12:00,0.217,0.35092153928987035
37,17/6/2024 13:00,0.214,0.43235088317316667
38,17/6/2024 14:00,0.208,0.8350810988402889
39,17/6/2024 15:00,0.247,0.21666960643806701
40,17/6/2024 16:00,0.227,0.3739766612060798
41,17/6/2024 17:00,0.214,0.6348564460492837
42,17/6/2024 18:00,0.209,0.6750379583808928
0,16/6/2024 00:00,0.302,0.0
1,16/6/2024 01:00,0.302,0.0
2,16/6/2024 02:00,0.361,0.18643968
3,16/6/2024 03:00,0.468,0.13080600576000045
4,16/6/2024 04:00,0.429,0.38964466075248744
5,16/6/2024 05:00,0.387,0.3599919259460801
6,16/6/2024 06:00,0.383,0.14731222376895617
7,16/6/2024 07:00,0.385,0.356537620151053
8,16/6/2024 08:00,0.366,0.3993389070616838
0,16/6/2024 00:00,0.302,0.0
1,16/6/2024 01:00,0.302,0.0
2,16/6/2024 02:00,0.361,0.07142400000000002
3,16/6/2024 03:00,0.468,0.14186203545599999
4,16/6/2024 04:00,0.429,0.18041612737834342
5,16/6/2024 05:00,0.387,0.2342459268051414
6,16/6/2024 06:00,0.383,0.3087040287017619
7,16/6/2024 07:00,0.385,0.41724370190076543
8,16/6/2024 08:00,0.366,0.5137365564167338
9,16/6/2024 09:00,0.338,0.20564190333664084
10,16/6/2024 10:00,0.323,0.7164490143781761
11,16/6/2024 11:00,0.327,0.3002401229832239
12,16/6/2024 12:00,0.339,0.655287580525955
13,16/6/2024 13:00,0.37,0.24157972052015778
14,16/6/2024 14:00,0.363,0.4416040655002001
15,16/6/2024 15:00,0.312,0.6688422593912082
16,16/6/2024 16:00,0.303,0.37069869280019907
17,16/6/2024 17:00,0.302,0.45242115177297754
0,16/6/2024 00:00,0.302,0.0
1,16/6/2024 01:00,0.302,0.0
2,16/6/2024 02:00,0.361,0.18533376
3,16/6/2024 03:00,0.468,0.151211778047995
4,16/6/2024 04:00,0.429,0.2427761825907114
5,16/6/2024 05:00,0.387,0.3288529430013143
6,16/6/2024 06:00,0.383,0.3964951947229233
7,16/6/2024 07:00,0.385,0.3852161467316376
8,16/6/2024 08:00,0.366,0.44193814643818363
9,16/6/2024 09:00,0.338,0.1605049913293017
10,16/6/2024 10:00,0.323,0.29073467785578694
11,16/6/2024 11:00,0.327,0.4978022828456787
12,16/6/2024 12:00,0.339,0.5750357637376676
13,16/6/2024 13:00,0.37,0.23003488552239093
14,16/6/2024 14:00,0.363,0.2957723469312219
15,16/6/2024 15:00,0.312,0.5500627746092971
16,16/6/2024 16:00,0.303,0.22004697132913853
17,16/6/2024 17:00,0.302,0.24546571691785984
18,16/6/2024 18:00,0.316,0.37624229626391764
19,16/6/2024 19:00,0.303,0.45807795647004007
20,16/6/2024 20:00,0.309,0.18981648449585287
21,16/6/2024 21:00,0.316,0.2322793642638972
22,16/6/2024 22:00,0.325,0.3437259695631193
23,16/6/2024 23:00,0.316,0.18524855412724328
24,17/6/2024 00:00,0.329,0.2308288402993418
25,17/6/2024 01:00,0.309,0.25348206311553245
26,17/6/2024 02:00,0.521,0.294926101190046
27,17/6/2024 03:00,0.491,0.3332717291957662
28,17/6/2024 04:00,0.417,0.35235616317197876
29,17/6/2024 05:00,0.393,0.17243822689276153
30,17/6/2024 06:00,0.332,0.24648740507728406
31,17/6/2024 07:00,0.343,0.2635937782942852
32,17/6/2024 08:00,0.355,0.2727416381946765
33,17/6/2024 09:00,0.302,0.4147956347613789
34,17/6/2024 10:00,0.237,0.4926963706806955
35,17/6/2024 11:00,0.227,0.5290929404142422
36,17/6/2024 12:00,0.217,0.2139420462728557
37,17/6/2024 13:00,0.214,0.3012964782779168
38,17/6/2024 14:00,0.208,0.5487714948207605
39,17/6/2024 15:00,0.247,0.5791606783635191
40,17/6/2024 16:00,0.227,0.23703695782376
41,17/6/2024 17:00,0.214,0.2975984101174022
42,17/6/2024 18:00,0.209,0.3127270883451013
43,17/6/2024 19:00,0.226,0.5773719194561595
44,17/6/2024 20:00,0.327,0.6936410386795381
45,17/6/2024 21:00,0.349,0.290379738278038
46,17/6/2024 22:00,0.351,0.8272249018247841
47,17/6/2024 23:00,0.339,0.22062158589414682
48,18/6/2024 00:00,0.35,0.7663656603108754
49,18/6/2024 01:00,0.411,0.2776669659442543
50,18/6/2024 02:00,0.426,0.4112719408062784
51,18/6/2024 03:00,0.4,0.5824471960747581
52,18/6/2024 04:00,0.404,0.5805301278002846
53,18/6/2024 05:00,0.4,0.23956534633142001
54,18/6/2024 06:00,0.382,0.31126486884002125
55,18/6/2024 07:00,0.409,0.6103235153440716
56,18/6/2024 08:00,0.417,0.22299490520386916
57,18/6/2024 09:00,0.382,0.2804408461261818
58,18/6/2024 10:00,0.31,0.3162503881129175
59,18/6/2024 11:00,0.258,0.4898254552303825
60,18/6/2024 12:00,0.251,0.5176993722997015
61,18/6/2024 13:00,0.27,0.25553553495898934
62,18/6/2024 14:00,0.262,0.33239167571419515
63,18/6/2024 15:00,0.258,0.4053580351956146
64,18/6/2024 16:00,0.641,0.46935201165778667
65,18/6/2024 17:00,0.542,0.48810547332287696
66,18/6/2024 18:00,0.485,0.19097710246438693
67,18/6/2024 19:00,0.421,0.3145971182845755
68,18/6/2024 20:00,0.4,0.17060814971538357
69,18/6/2024 21:00,0.413,0.23291035994881248
70,18/6/2024 22:00,0.387,0.23418314661315548
71,18/6/2024 23:00,0.382,0.2807700866558021
72,19/6/2024 00:00,0.454,0.09842095829782449
73,19/6/2024 01:00,0.477,0.12910914736847517
74,19/6/2024 02:00,0.399,0.2442672860656979
75,19/6/2024 03:00,0.361,0.10012180962650755
76,19/6/2024 04:00,0.386,0.11644245367764483
77,19/6/2024 05:00,0.389,0.14824810281147488
78,19/6/2024 06:00,0.373,0.19087382176752876
79,19/6/2024 07:00,0.395,0.07693692369300989
80,19/6/2024 08:00,0.399,0.10071997982221896
81,19/6/2024 09:00,0.333,0.10277856766043533
82,19/6/2024 10:00,0.283,0.16588124706241975
83,19/6/2024 11:00,0.233,0.18804351874056893
84,19/6/2024 12:00,0.218,0.07540431676365812
85,19/6/2024 13:00,0.216,0.0906112181493521
86,19/6/2024 14:00,0.228,0.0936795288988074
87,19/6/2024 15:00,0.216,0.10123823076527151
88,19/6/2024 16:00,0.218,0.16201985928928567
89,19/6/2024 17:00,0.217,0.19841483047223776
90,19/6/2024 18:00,0.216,0.2404013834588334
91,19/6/2024 19:00,0.224,0.0961904142626354
92,19/6/2024 20:00,0.223,0.12464866016254474
93,19/6/2024 21:00,0.229,0.22038028518489464
0,16/6/2024 00:00,0.302,0.0
1,16/6/2024 01:00,0.302,0.0
2,16/6/2024 02:00,0.361,0.09934848
3,16/6/2024 03:00,0.468,0.22175868764159196
4,16/6/2024 04:00,0.429,0.225256115774962
5,16/6/2024 05:00,0.387,0.3181940304321228
6,16/6/2024 06:00,0.383,0.465799166595192
7,16/6/2024 07:00,0.385,0.1336608551430734
8,16/6/2024 08:00,0.366,0.29912807420274057
9,16/6/2024 09:00,0.338,0.42524278046397684
10,16/6/2024 10:00,0.323,0.5154561257449145
11,16/6/2024 11:00,0.327,0.14298387981298147
12,16/6/2024 12:00,0.339,0.3336099399997414
13,16/6/2024 13:00,0.37,0.45522970694359566
14,16/6/2024 14:00,0.363,0.4778841315169862
15,16/6/2024 15:00,0.312,0.19116806834269084
16,16/6/2024 16:00,0.303,0.25628462761202603
17,16/6/2024 17:00,0.302,0.37690845017665314
18,16/6/2024 18:00,0.316,0.39177488676850836
19,16/6/2024 19:00,0.303,0.1612890580535688
20,16/6/2024 20:00,0.309,0.2103042710289584
21,16/6/2024 21:00,0.316,0.31796626000729356
22,16/6/2024 22:00,0.325,0.13899979833579537
23,16/6/2024 23:00,0.316,0.201687926063804
24,17/6/2024 00:00,0.329,0.2673804690835307
25,17/6/2024 01:00,0.309,0.2607383134245327
26,17/6/2024 02:00,0.521,0.28125526917759075
27,17/6/2024 03:00,0.491,0.1353723885361147
28,17/6/2024 04:00,0.417,0.20030651429555857
29,17/6/2024 05:00,0.393,0.3327535665719129
30,17/6/2024 06:00,0.332,0.35870400049073303
31,17/6/2024 07:00,0.343,0.3928901367364241
32,17/6/2024 08:00,0.355,0.18059320120772332
33,17/6/2024 09:00,0.302,0.28173907354421907
34,17/6/2024 10:00,0.237,0.46468568479219696
35,17/6/2024 11:00,0.227,0.5122505495253734
36,17/6/2024 12:00,0.217,0.2216943739776815
37,17/6/2024 13:00,0.214,0.3054945693606236
38,17/6/2024 14:00,0.208,0.5256396739794557
39,17/6/2024 15:00,0.247,0.4911860593282628
40,17/6/2024 16:00,0.227,0.2090944633071398
41,17/6/2024 17:00,0.214,0.2949033556205237
42,17/6/2024 18:00,0.209,0.31254900556020215
43,17/6/2024 19:00,0.226,0.5719095660297314
44,17/6/2024 20:00,0.327,0.6708737896019709
45,17/6/2024 21:00,0.349,0.2726337899466601
46,17/6/2024 22:00,0.351,0.7997674342253714
47,17/6/2024 23:00,0.339,0.2631062070514313
48,18/6/2024 00:00,0.35,0.3708535145284225
49,18/6/2024 01:00,0.411,0.7261240554433834
50,18/6/2024 02:00,0.426,0.299300723610712
51,18/6/2024 03:00,0.4,0.3684242130961266
52,18/6/2024 04:00,0.404,0.6949875863405602
0,16/6/2024 00:00,0.302,0.0
1,16/6/2024 01:00,0.302,0.0
2,16/6/2024 02:00,0.361,0.17496576
3,16/6/2024 03:00,0.468,0.12323045375997232
4,16/6/2024 04:00,0.429,0.14127602706325554
5,16/6/2024 05:00,0.387,0.1735426843013227
6,16/6/2024 06:00,0.383,0.2530081101298679
7,16/6/2024 07:00,0.385,0.24421568656082024
8,16/6/2024 08:00,0.366,0.2897548593817406
9,16/6/2024 09:00,0.338,0.3903610620637797
10,16/6/2024 10:00,0.323,0.4416800473223047
11,16/6/2024 11:00,0.327,0.5281299696594676
12,16/6/2024 12:00,0.339,0.14609210204960607
13,16/6/2024 13:00,0.37,0.6308089972464537
14,16/6/2024 14:00,0.363,0.17674725950210368
15,16/6/2024 15:00,0.312,0.30393031143569804
16,16/6/2024 16:00,0.303,0.48794793578336043
17,16/6/2024 17:00,0.302,0.19518746840126128
18,16/6/2024 18:00,0.316,0.35242302685287547
19,16/6/2024 19:00,0.303,0.3561352141742535
20,16/6/2024 20:00,0.309,0.36770823883533854
21,16/6/2024 21:00,0.316,0.15675275880590803
22,16/6/2024 22:00,0.325,0.18305709043401308
23,16/6/2024 23:00,0.316,0.2944698878747447
24,17/6/2024 00:00,0.329,0.13468057347829754
25,17/6/2024 01:00,0.309,0.20565372798917583
26,17/6/2024 02:00,0.521,0.23869036711205102
27,17/6/2024 03:00,0.491,0.29650635403489684
28,17/6/2024 04:00,0.417,0.3254766967495666
29,17/6/2024 05:00,0.393,0.34330805282063614
30,17/6/2024 06:00,0.332,0.1706453090794325
31,17/6/2024 07:00,0.343,0.2448843360418385
32,17/6/2024 08:00,0.355,0.4264918523682111
33,17/6/2024 09:00,0.302,0.47870400315565115
34,17/6/2024 10:00,0.237,0.21223633360102012
35,17/6/2024 11:00,0.227,0.3189589626626841
36,17/6/2024 12:00,0.217,0.5042077704985664
37,17/6/2024 13:00,0.214,0.5435012970413381
38,17/6/2024 14:00,0.208,0.23552959207888108
39,17/6/2024 15:00,0.247,0.2999935025004979
40,17/6/2024 16:00,0.227,0.5438473590259842
41,17/6/2024 17:00,0.214,0.5847130718981026
42,17/6/2024 18:00,0.209,0.23834969315352766
43,17/6/2024 19:00,0.226,0.3048088888449497
44,17/6/2024 20:00,0.327,0.3268345627247202
45,17/6/2024 21:00,0.349,0.3397166876300027
46,17/6/2024 22:00,0.351,0.5800839027810959
47,17/6/2024 23:00,0.339,0.671583115389164
48,18/6/2024 00:00,0.35,0.743047037995672
49,18/6/2024 01:00,0.411,0.3004780331991292
50,18/6/2024 02:00,0.426,0.3752944025229941
51,18/6/2024 03:00,0.4,0.7149959878906489
52,18/6/2024 04:00,0.404,0.2902179563242319
53,18/6/2024 05:00,0.4,0.3371297117318782
54,18/6/2024 06:00,0.382,0.6235371085292941
55,18/6/2024 07:00,0.409,0.6775456621937312
56,18/6/2024 08:00,0.417,0.2777231945002378
57,18/6/2024 09:00,0.382,0.3495988180572728
58,18/6/2024 10:00,0.31,0.6556924519581037
59,18/6/2024 11:00,0.258,0.270278801877713
60,18/6/2024 12:00,0.251,0.29423991217959294
61,18/6/2024 13:00,0.27,0.4467206396058853
62,18/6/2024 14:00,0.262,0.48385047497118466
63,18/6/2024 15:00,0.258,0.19813636599429535
64,18/6/2024 16:00,0.641,0.2667092610294913
65,18/6/2024 17:00,0.542,0.45694162153831486
66,18/6/2024 18:00,0.485,0.18622818026077573
67,18/6/2024 19:00,0.421,0.21035002412576737
68,18/6/2024 20:00,0.4,0.30792270331922694
69,18/6/2024 21:00,0.413,0.3760998470061368
70,18/6/2024 22:00,0.387,0.1508438409623687
71,18/6/2024 23:00,0.382,0.18665348418933217
72,19/6/2024 00:00,0.454,0.2580969387460596
73,19/6/2024 01:00,0.477,0.12991524220230502
74,19/6/2024 02:00,0.399,0.15292934305575673
75,19/6/2024 03:00,0.361,0.17346937319060107
76,19/6/2024 04:00,0.386,0.19220168499099707
77,19/6/2024 05:00,0.389,0.07765926910149407
78,19/6/2024 06:00,0.373,0.1313042207115775
79,19/6/2024 07:00,0.395,0.17428867842865936
80,19/6/2024 08:00,0.399,0.1906815089158532
81,19/6/2024 09:00,0.333,0.07195075830730756
82,19/6/2024 10:00,0.283,0.08864194264972848
83,19/6/2024 11:00,0.233,0.17735236565606172
84,19/6/2024 12:00,0.218,0.1550242889596907
85,19/6/2024 13:00,0.216,0.19600899225611054
86,19/6/2024 14:00,0.228,0.07847368582640946
87,19/6/2024 15:00,0.216,0.10351717781624643
88,19/6/2024 16:00,0.218,0.18264527046450646
89,19/6/2024 17:00,0.217,0.22473360186577288
90,19/6/2024 18:00,0.216,0.08990354575954038
91,19/6/2024 19:00,0.224,0.11398939789204074
92,19/6/2024 20:00,0.223,0.11887354577711381
93,19/6/2024 21:00,0.229,0.1273754535819122
94,19/6/2024 22:00,0.217,0.18021019324015472
95,19/6/2024 23:00,0.216,0.210946473385713
96,20/6/2024 00:00,0.216,0.23673353371273598
97,20/6/2024 01:00,0.216,0.07289854814014621
98,20/6/2024 02:00,0.264,0.1376711100875954
99,20/6/2024 03:00,0.223,0.14475016223751636
100,20/6/2024 04:00,0.214,0.1941452484357383
101,20/6/2024 05:00,0.213,0.27657310014292913
102,20/6/2024 06:00,0.213,0.25440177090756283
103,20/6/2024 07:00,0.218,0.3869590024203021
104,20/6/2024 08:00,0.218,0.5030551993146767
105,20/6/2024 09:00,0.218,0.6074998283837278
106,20/6/2024 10:00,0.218,0.6022616984193087
107,20/6/2024 11:00,0.218,0.8238670679303058
108,20/6/2024 12:00,0.208,0.32954738785845666
109,20/6/2024 13:00,0.206,0.4493346455332199
110,20/6/2024 14:00,0.224,0.8015936789900221
111,20/6/2024 15:00,0.213,0.9227451577932504
112,20/6/2024 16:00,0.216,0.3690981400518671
113,20/6/2024 17:00,0.214,0.4364048946738835
114,20/6/2024 18:00,0.211,0.9105614262509024
115,20/6/2024 19:00,0.209,0.9326363051980036
116,20/6/2024 20:00,0.21,1.0621957985921013
117,20/6/2024 21:00,0.209,1.1409992480286961
118,20/6/2024 22:00,0.208,0.4563996992114785
119,20/6/2024 23:00,0.209,0.7111249301444873
120,21/6/2024 00:00,0.207,1.1922566250906326
121,21/6/2024 01:00,0.216,1.2132536894450736
122,21/6/2024 02:00,0.261,1.2193236369144853
123,21/6/2024 03:00,0.212,0.43876220871319604
124,21/6/2024 04:00,0.232,0.7676850760047526
125,21/6/2024 05:00,0.246,1.2207204805153775
126,21/6/2024 06:00,0.263,1.1987248745898804
127,21/6/2024 07:00,0.267,1.2412337704430536
128,21/6/2024 08:00,0.265,0.48828819274640733
129,21/6/2024 09:00,0.253,0.7475931107996134
130,21/6/2024 10:00,0.246,1.2150455715575328
131,21/6/2024 11:00,0.237,1.2315123816600773
132,21/6/2024 12:00,0.236,0.4926049526640309
133,21/6/2024 13:00,0.232,0.8012726366895847
134,21/6/2024 14:00,0.232,1.2162843304344222
135,21/6/2024 15:00,0.228,1.2344431668378393
136,21/6/2024 16:00,0.224,0.4937772667351358
137,21/6/2024 17:00,0.222,0.662316315278926
138,21/6/2024 18:00,0.222,1.1384590085642896
139,21/6/2024 19:00,0.216,1.1308073905288882
140,21/6/2024 20:00,0.216,0.45232295621155527
141,21/6/2024 21:00,0.217,0.5142161511095937
142,21/6/2024 22:00,0.218,0.9441954894114999
143,21/6/2024 23:00,0.219,0.9716596312594548
144,22/6/2024 00:00,0.221,0.38866385251976615
145,22/6/2024 01:00,0.21,0.4190588521387894
146,22/6/2024 02:00,0.218,0.9144460375880995
147,22/6/2024 03:00,0.212,0.3665416979036874
148,22/6/2024 04:00,0.206,0.40135502600116835
149,22/6/2024 05:00,0.212,0.5197571733988833
150,22/6/2024 06:00,0.216,0.5971642367506996
151,22/6/2024 07:00,0.256,0.23990839867810568
152,22/6/2024 08:00,0.304,0.28614801106017346
153,22/6/2024 09:00,0.288,0.5853655085708086
154,22/6/2024 10:00,0.229,0.23457696754168092
155,22/6/2024 11:00,0.213,0.25296858486094376
156,22/6/2024 12:00,0.204,0.3717458227696934
157,22/6/2024 13:00,0.213,0.4391697512366216
158,22/6/2024 14:00,0.206,0.1775447870024937
159,22/6/2024 15:00,0.206,0.20794954828833395
160,22/6/2024 16:00,0.204,0.3702962911461441
161,22/6/2024 17:00,0.203,0.13984968866724268
162,22/6/2024 18:00,0.204,0.19068764522393203
163,22/6/2024 19:00,0.211,0.268344600498372
164,22/6/2024 20:00,0.237,0.3070166785022126
165,22/6/2024 21:00,0.221,0.1372329603766087
166,22/6/2024 22:00,0.332,0.1893356219853962
167,22/6/2024 23:00,0.251,0.334861693160644
168,23/6/2024 00:00,0.242,0.1545024358479012
169,23/6/2024 01:00,0.239,0.20661799561048044
170,23/6/2024 02:00,0.239,0.23311099616561864
171,23/6/2024 03:00,0.233,0.3547863931243834
172,23/6/2024 04:00,0.227,0.3960120596675563
173,23/6/2024 05:00,0.222,0.44126482510898285
174,23/6/2024 06:00,0.232,0.18435462664470195
175,23/6/2024 07:00,0.231,0.2560317948728894
176,23/6/2024 08:00,0.288,0.474589925067844
177,23/6/2024 09:00,0.258,0.46262488168128585
178,23/6/2024 10:00,0.227,0.19184236063105983
179,23/6/2024 11:00,0.206,0.2848398333008401
180,23/6/2024 12:00,0.2,0.313760338712274
181,23/6/2024 13:00,0.204,0.3504606584894474
182,23/6/2024 14:00,0.201,0.493189193615274
183,23/6/2024 15:00,0.201,0.6214115215317021
184,23/6/2024 16:00,0.206,0.7681004608364463
185,23/6/2024 17:00,0.205,0.3155440105002886
186,23/6/2024 18:00,0.398,0.4187092173755813
187,23/6/2024 19:00,0.793,0.2863425301596038
188,23/6/2024 20:00,0.652,1.0490108858477138
189,23/6/2024 21:00,0.572,0.9494451421848249
190,23/6/2024 22:00,0.508,0.3208626216323459
191,23/6/2024 23:00,0.446,0.47542977708746625
192,24/6/2024 00:00,0.412,0.9875258994903802
193,24/6/2024 01:00,0.388,1.0788751012441309
194,24/6/2024 02:00,0.378,0.43155004049765233
195,24/6/2024 03:00,0.35,0.4954400951394103
196,24/6/2024 04:00,0.298,0.90279116998788
197,24/6/2024 05:00,0.288,1.0416809162753426
198,24/6/2024 06:00,0.259,0.39608327637150875
199,24/6/2024 07:00,0.231,0.54294445958155
200,24/6/2024 08:00,0.251,1.1013028298117558
201,24/6/2024 09:00,0.254,1.0554664228701975
202,24/6/2024 10:00,0.24,0.42218656914807906
203,24/6/2024 11:00,0.28,0.5461218479070034
204,24/6/2024 12:00,0.35,1.1239897996217447
205,24/6/2024 13:00,0.294,1.1990338388613733
206,24/6/2024 14:00,0.256,0.44959591984865244
207,24/6/2024 15:00,0.231,0.6981465009499868
208,24/6/2024 16:00,0.247,1.1606318389622943
209,24/6/2024 17:00,0.25,1.2437594808837056
210,24/6/2024 18:00,0.241,0.4975037923534823
211,24/6/2024 19:00,0.229,1.2237396177879019
212,24/6/2024 20:00,0.226,1.2282356300742139
213,24/6/2024 21:00,0.205,0.3735211302848156
214,24/6/2024 22:00,0.234,0.6260857846741023
215,24/6/2024 23:00,0.236,0.8687400400599624
216,25/6/2024 00:00,0.24,0.9780074673460193
217,25/6/2024 01:00,0.249,1.1622556654779808
218,25/6/2024 02:00,0.23,1.2401667381940393
219,25/6/2024 03:00,0.23,1.30890324422713
220,25/6/2024 04:00,0.226,0.523561297690852
221,25/6/2024 05:00,0.209,1.2976437818680133
222,25/6/2024 06:00,0.203,1.2646657187769916
223,25/6/2024 07:00,0.212,1.2884383786660616
224,25/6/2024 08:00,0.194,1.3031883755524376
225,25/6/2024 09:00,0.197,0.5072891591994164
226,25/6/2024 10:00,0.196,0.9632292519536702
227,25/6/2024 11:00,0.2,1.3307677743243593
228,25/6/2024 12:00,0.197,1.3342660175127499
229,25/6/2024 13:00,0.283,1.356019602644269
230,25/6/2024 14:00,0.234,1.3795585637336347
231,25/6/2024 15:00,0.227,0.5373484770609883
232,25/6/2024 16:00,0.219,0.8817795023377809
233,25/6/2024 17:00,0.216,1.1975268667182175
234,25/6/2024 18:00,0.213,1.3299330948131949
235,25/6/2024 19:00,0.209,1.3897047634983397
236,25/6/2024 20:00,0.205,1.3262560509135406
237,25/6/2024 21:00,0.2,1.3330165818938182
238,25/6/2024 22:00,0.202,1.3910159319889364
239,25/6/2024 23:00,0.213,0.5018314059476798
240,26/6/2024 00:00,0.227,1.1083948228267537
241,26/6/2024 01:00,0.23,1.277585939131614
242,26/6/2024 02:00,0.217,1.3556473494107386
243,26/6/2024 03:00,0.213,1.473695376936977
244,26/6/2024 04:00,0.211,1.6626086984048591
245,26/6/2024 05:00,0.24,0.6650434793619437
246,26/6/2024 06:00,0.229,1.19220566354331
247,26/6/2024 07:00,0.214,1.2204281766403446
248,26/6/2024 08:00,0.211,1.4040674735943508
249,26/6/2024 09:00,0.213,1.5495276947524366
250,26/6/2024 10:00,0.308,0.6198110779009747
251,26/6/2024 11:00,0.377,1.0673459343625207
252,26/6/2024 12:00,0.291,1.2518186309347663
253,26/6/2024 13:00,0.671,1.4233061188438363
254,26/6/2024 14:00,0.603,1.4559963573557488
255,26/6/2024 15:00,0.517,0.6088041541181743
256,26/6/2024 16:00,0.426,1.1031628472578703
257,26/6/2024 17:00,0.461,1.2644809635459082
258,26/6/2024 18:00,0.482,1.388284459648557
259,26/6/2024 19:00,0.468,1.4460185004895232
260,26/6/2024 20:00,0.428,0.5395534604052069
261,26/6/2024 21:00,0.383,1.407551735679251
262,26/6/2024 22:00,0.366,1.4265838563486901
263,26/6/2024 23:00,0.36,1.4741002220076047
264,27/6/2024 00:00,0.353,1.5205830252515091
265,27/6/2024 01:00,0.346,1.6434220187171324
266,27/6/2024 02:00,0.295,0.6574354741535197
267,27/6/2024 03:00,0.228,1.535082365495571
268,27/6/2024 04:00,0.216,1.544277204037808
269,27/6/2024 05:00,0.211,1.6521944631445364
270,27/6/2024 06:00,0.216,1.7199445647872134
271,27/6/2024 07:00,0.213,1.8097180190232887
272,27/6/2024 08:00,0.267,0.7241138742759821
273,27/6/2024 09:00,0.335,1.4231988200163475
274,27/6/2024 10:00,0.326,1.4612163187189324
275,27/6/2024 11:00,0.239,1.547894198910173
276,27/6/2024 12:00,0.22,1.7073027074302916
277,27/6/2024 13:00,0.222,1.8325798631972996
278,27/6/2024 14:00,0.241,0.7330319452789198
279,27/6/2024 15:00,0.236,1.4357759596751407
280,27/6/2024 16:00,0.226,1.4679385753846077
281,27/6/2024 17:00,0.226,2.0364006572947186
282,27/6/2024 18:00,0.22,0.8145602629178874
283,27/6/2024 19:00,0.242,1.2612111192355342
284,27/6/2024 20:00,0.295,1.2744337137082722
285,27/6/2024 21:00,0.515,0.9052112475641214
286,27/6/2024 22:00,0.476,1.2363294264153644
287,27/6/2024 23:00,0.414,1.3869804652961881
288,28/6/2024 00:00,0.401,1.5365286325499286
289,28/6/2024 01:00,0.47,0.6146114530199714
290,28/6/2024 02:00,0.432,1.2839405683456393
291,28/6/2024 03:00,0.423,1.571051475672772
292,28/6/2024 04:00,0.428,1.632788948366395
293,28/6/2024 05:00,0.387,0.6531155793465581
294,28/6/2024 06:00,0.39,1.2289819960762516
295,28/6/2024 07:00,0.364,1.2914178855599308
296,28/6/2024 08:00,0.326,1.5351385067875494
297,28/6/2024 09:00,0.328,1.1823404520468033
298,28/6/2024 10:00,0.325,1.444757812169499
299,28/6/2024 11:00,0.3,1.0947117482139759
300,28/6/2024 12:00,0.266,1.1871354792641824
301,28/6/2024 13:00,0.244,1.3582037119895132
302,28/6/2024 14:00,0.233,1.40014802780561
303,28/6/2024 15:00,0.229,1.5151126793235992
304,28/6/2024 16:00,0.229,1.6723210894436997
305,28/6/2024 17:00,0.228,1.5238694006073976
306,28/6/2024 18:00,0.24,1.5623052848198173
307,28/6/2024 19:00,0.265,0.8871581650117852
308,28/6/2024 20:00,0.27,1.0731280877229188
309,28/6/2024 21:00,0.268,1.4031645604559606
310,28/6/2024 22:00,0.29,1.568860070067532
311,28/6/2024 23:00,0.306,1.624738038515595
312,29/6/2024 00:00,0.306,1.0908443271550519
313,29/6/2024 01:00,0.36,1.8953975684667699
314,29/6/2024 02:00,0.55,1.980784416225707
315,29/6/2024 03:00,0.493,2.160843363029673
316,29/6/2024 04:00,0.437,2.350253230130037
317,29/6/2024 05:00,0.397,0.9401012920520149
318,29/6/2024 06:00,0.369,1.120994764697018
319,29/6/2024 07:00,0.352,1.2660490525676478
320,29/6/2024 08:00,0.337,1.3178480079503017
321,29/6/2024 09:00,0.324,1.3501379257737047
322,29/6/2024 10:00,0.318,1.8794085301208303
323,29/6/2024 11:00,0.325,1.976028675561003
324,29/6/2024 12:00,0.312,1.154262354978438
325,29/6/2024 13:00,0.291,1.412824155186152
326,29/6/2024 14:00,0.25,1.4735993414050783
327,29/6/2024 15:00,0.234,2.0033947006387214
328,29/6/2024 16:00,0.23,0.8017845469221552
329,29/6/2024 17:00,0.233,1.492435482858497
330,29/6/2024 18:00,0.229,1.5366733931913292
331,29/6/2024 19:00,0.227,1.4056903580819502
332,29/6/2024 20:00,0.224,2.1752671547793248
333,29/6/2024 21:00,0.222,2.386112068248993
334,29/6/2024 22:00,0.224,2.6079725679224754
335,29/6/2024 23:00,0.221,1.0432423605023236
336,30/6/2024 00:00,0.225,1.1816382372823286
337,30/6/2024 01:00,0.265,1.1575410493750586
338,30/6/2024 02:00,0.255,1.7024559937446497
339,30/6/2024 03:00,0.243,1.716649326804568
340,30/6/2024 04:00,0.246,2.0095128072673494
341,30/6/2024 05:00,0.246,2.1313803315724225
342,30/6/2024 06:00,0.252,2.27418090875641
343,30/6/2024 07:00,0.254,0.9096723635025641
344,30/6/2024 08:00,0.24,1.5622014557405997
345,30/6/2024 09:00,0.225,1.7446289575260685
346,30/6/2024 10:00,0.221,1.8373408980820691
347,30/6/2024 11:00,0.218,1.933331087708366
348,30/6/2024 12:00,0.243,2.0786442243858527
349,30/6/2024 13:00,0.225,2.093153212556599
350,30/6/2024 14:00,0.226,2.218993407989114
351,30/6/2024 15:00,0.456,2.2971139906893505
352,30/6/2024 16:00,0.553,2.3556486397796634
353,30/6/2024 17:00,0.623,2.463567155168671
354,30/6/2024 18:00,0.567,0.9854268620674684
355,30/6/2024 19:00,0.555,3.195425375745064
356,30/6/2024 20:00,0.507,1.2005556913778737
357,30/6/2024 21:00,0.482,2.0389206393603008
358,30/6/2024 22:00,0.478,1.7874876508034139
359,30/6/2024 23:00,0.655,1.867324250540023
360,1/7/2024 00:00,0.7,2.015935375811168
361,1/7/2024 01:00,0.64,2.091764356937526
362,1/7/2024 02:00,0.615,2.0997732052130207
363,1/7/2024 03:00,0.584,1.1568050133098016
364,1/7/2024 04:00,0.552,1.2428019554130945
365,1/7/2024 05:00,0.535,1.7020489970445372
366,1/7/2024 06:00,0.522,1.7197622246905242
367,1/7/2024 07:00,0.504,1.7412774164976539
368,1/7/2024 08:00,0.402,1.3365944040626039
369,1/7/2024 09:00,0.374,1.381163363190888
370,1/7/2024 10:00,0.335,2.012424911185604
371,1/7/2024 11:00,0.308,1.8536008834400488
372,1/7/2024 12:00,0.303,2.012424911185644
373,1/7/2024 13:00,0.353,2.1346147667847615
374,1/7/2024 14:00,0.351,2.2382299519948967
375,1/7/2024 15:00,0.307,1.2526015485879336
376,1/7/2024 16:00,0.306,2.099968703337397
377,1/7/2024 17:00,0.504,2.193578220674369
378,1/7/2024 18:00,0.541,2.557254346817577
379,1/7/2024 19:00,0.511,1.3277496582421877
380,1/7/2024 20:00,0.479,1.3277496582421877
381,1/7/2024 21:00,0.475,1.4260396001588065
382,1/7/2024 22:00,0.479,1.5713845039938117
383,1/7/2024 23:00,0.47,1.9013440884552237
384,2/7/2024 00:00,0.439,1.8659043282915597
385,2/7/2024 01:00,0.422,2.2966634532080086
386,2/7/2024 02:00,0.412,2.0190976177334257
387,2/7/2024 03:00,0.418,2.083391725476506
388,2/7/2024 04:00,0.413,2.0436130325944633
389,2/7/2024 05:00,0.421,1.8046571718250854
390,2/7/2024 06:00,0.44,2.1289439082077317
391,2/7/2024 07:00,0.394,2.430638984665422
392,2/7/2024 08:00,0.32,2.911539588838452
393,2/7/2024 09:00,0.27,2.9828221621903888
0,16/6/2024 00:00,0.302,0.0
1,16/6/2024 01:00,0.302,0.0
2,16/6/2024 02:00,0.361,0.11289600000000002
3,16/6/2024 03:00,0.468,0.17148542976
4,16/6/2024 04:00,0.429,0.2352539431361421
5,16/6/2024 05:00,0.387,0.3305514011733632
6,16/6/2024 06:00,0.383,0.45675721281139936
7,16/6/2024 07:00,0.385,0.13900280307359192
8,16/6/2024 08:00,0.366,0.29738827314011734
9,16/6/2024 09:00,0.338,0.4256636786103097
10,16/6/2024 10:00,0.323,0.5132240454517673
11,16/6/2024 11:00,0.327,0.14306667927567784
12,16/6/2024 12:00,0.339,0.33129125401214926
13,16/6/2024 13:00,0.37,0.45441065659468705
14,16/6/2024 14:00,0.363,0.47607751101231993
15,16/6/2024 15:00,0.312,0.19044543264060068
16,16/6/2024 16:00,0.303,0.25537273071708255
17,16/6/2024 17:00,0.302,0.3758514543569242
18,16/6/2024 18:00,0.316,0.391138477995704
19,16/6/2024 19:00,0.303,0.1564611662418204
20,16/6/2024 20:00,0.309,0.20106457383242413
21,16/6/2024 21:00,0.316,0.3062676015510637
22,16/6/2024 22:00,0.325,0.12251303283550936
23,16/6/2024 23:00,0.316,0.1581115747501052
24,17/6/2024 00:00,0.329,0.193662534170014
25,17/6/2024 01:00,0.309,0.21387983300990435
26,17/6/2024 02:00,0.521,0.08555433009020628
27,17/6/2024 03:00,0.491,0.10688417881557771
28,17/6/2024 04:00,0.417,0.15881640072564832
29,17/6/2024 05:00,0.393,0.0635270909848524
30,17/6/2024 06:00,0.332,0.08644572828850519
31,17/6/2024 07:00,0.343,0.09716069368129486
32,17/6/2024 08:00,0.355,0.1318730201683165
33,17/6/2024 09:00,0.302,0.05274942034643532
34,17/6/2024 10:00,0.237,0.05859117127310322
35,17/6/2024 11:00,0.227,0.0694935821467801
36,17/6/2024 12:00,0.217,0.04641066996473576
37,17/6/2024 13:00,0.214,0.05458215660144483
38,17/6/2024 14:00,0.208,0.0572041515715694
39,17/6/2024 15:00,0.247,0.06555152151686396
40,17/6/2024 16:00,0.227,0.04415808879298465
41,17/6/2024 17:00,0.214,0.07119033499866242
42,17/6/2024 18:00,0.209,0.0790762999995911
43,17/6/2024 19:00,0.226,0.08694900138580071
44,17/6/2024 20:00,0.327,0.0955353619638684
45,17/6/2024 21:00,0.349,0.04944303840065006
46,17/6/2024 22:00,0.351,0.07694751719834825
47,17/6/2024 23:00,0.339,0.12846465196529472
48,18/6/2024 00:00,0.35,0.1381254439369099
49,18/6/2024 01:00,0.411,0.15609615815515293
50,18/6/2024 02:00,0.426,0.07563259831651654
51,18/6/2024 03:00,0.4,0.12159688625543326
52,18/6/2024 04:00,0.404,0.19719429891006368
53,18/6/2024 05:00,0.4,0.22369411630485947
54,18/6/2024 06:00,0.382,0.10026934701116602
55,18/6/2024 07:00,0.409,0.15564184512802864
56,18/6/2024 08:00,0.417,0.2662331525520488
57,18/6/2024 09:00,0.382,0.29249455372700084
58,18/6/2024 10:00,0.31,0.13209107370229695
59,18/6/2024 11:00,0.258,0.1926774898264597
60,18/6/2024 12:00,0.251,0.3411412449006799
61,18/6/2024 13:00,0.27,0.33715211916244814
62,18/6/2024 14:00,0.262,0.1555464357731817
63,18/6/2024 15:00,0.258,0.21670467160949453
64,18/6/2024 16:00,0.641,0.4026334390436387
65,18/6/2024 17:00,0.542,0.4148155630176937
66,18/6/2024 18:00,0.485,0.1735621764304778
67,18/6/2024 19:00,0.421,0.25416947347873503
68,18/6/2024 20:00,0.4,0.26978571386431016
69,18/6/2024 21:00,0.413,0.2835601204523418
70,18/6/2024 22:00,0.387,0.45743407760602245
71,18/6/2024 23:00,0.382,0.5264934516263299
72,19/6/2024 00:00,0.454,0.5665491235383299
73,19/6/2024 01:00,0.477,0.21372178149197382
74,19/6/2024 02:00,0.399,0.32472366652582696
75,19/6/2024 03:00,0.361,0.6144873021107614
76,19/6/2024 04:00,0.386,0.6435605862280986
77,19/6/2024 05:00,0.389,0.21703459410032475
78,19/6/2024 06:00,0.373,0.3111134421253868
79,19/6/2024 07:00,0.395,0.6041210517726753
80,19/6/2024 08:00,0.399,0.2044658267125168
81,19/6/2024 09:00,0.333,0.3034069740334322
82,19/6/2024 10:00,0.283,0.5529146674926194
83,19/6/2024 11:00,0.233,0.5647821187915557
84,19/6/2024 12:00,0.218,0.2312888270758552
85,19/6/2024 13:00,0.216,0.2734334093453053
86,19/6/2024 14:00,0.228,0.5474833660980272
87,19/6/2024 15:00,0.216,0.22187739619993607
88,19/6/2024 16:00,0.218,0.24295179700900973
89,19/6/2024 17:00,0.217,0.3208112844053935
90,19/6/2024 18:00,0.216,0.3949417356196848
91,19/6/2024 19:00,0.224,0.18633160610924707
92,19/6/2024 20:00,0.223,0.3243483827415775
93,19/6/2024 21:00,0.229,0.3684759199825026
94,19/6/2024 22:00,0.217,0.3670616102582765
95,19/6/2024 23:00,0.216,0.15525711841257628
96,20/6/2024 00:00,0.216,0.18521820870446232
97,20/6/2024 01:00,0.216,0.29508535130808206
98,20/6/2024 02:00,0.264,0.1436776648550078
99,20/6/2024 03:00,0.223,0.16203575484631885
100,20/6/2024 04:00,0.214,0.21410144953721272
101,20/6/2024 05:00,0.213,0.2412613120179363
102,20/6/2024 06:00,0.213,0.0990035159684988
103,20/6/2024 07:00,0.218,0.13135185814041486
104,20/6/2024 08:00,0.218,0.1896525890401405
105,20/6/2024 09:00,0.218,0.08526512561745442
106,20/6/2024 10:00,0.218,0.0922310598096837
107,20/6/2024 11:00,0.218,0.10282423297500445
108,20/6/2024 12:00,0.208,0.18565184309485763
109,20/6/2024 13:00,0.206,0.19546076493947045
110,20/6/2024 14:00,0.224,0.195761606691936
111,20/6/2024 15:00,0.213,0.0786147034443539
112,20/6/2024 16:00,0.216,0.09188842194657627
113,20/6/2024 17:00,0.214,0.09562994664653403
114,20/6/2024 18:00,0.211,0.1924238547003631
115,20/6/2024 19:00,0.209,0.22079412919546584
116,20/6/2024 20:00,0.21,0.08837087269060218
117,20/6/2024 21:00,0.209,0.11598423699402642
118,20/6/2024 22:00,0.208,0.2313102240691144
119,20/6/2024 23:00,0.209,0.27205146703898236
120,21/6/2024 00:00,0.207,0.10893114217173155
121,21/6/2024 01:00,0.216,0.18189948169548714
122,21/6/2024 02:00,0.261,0.27993522280466077
123,21/6/2024 03:00,0.212,0.3565091216183855
124,21/6/2024 04:00,0.232,0.09569231547648657
125,21/6/2024 05:00,0.246,0.2541569300900299
126,21/6/2024 06:00,0.263,0.3581564228958325
127,21/6/2024 07:00,0.267,0.503791950476418
128,21/6/2024 08:00,0.265,0.15358055094600723
129,21/6/2024 09:00,0.253,0.40257804191175295
130,21/6/2024 10:00,0.246,0.5927335697934664
131,21/6/2024 11:00,0.237,0.8207986218956747
132,21/6/2024 12:00,0.236,0.32836543880580105
133,21/6/2024 13:00,0.232,0.43198838019245983
134,21/6/2024 14:00,0.232,0.4672565339334095
135,21/6/2024 15:00,0.228,0.7806356045492582
136,21/6/2024 16:00,0.224,0.8437194303842431
137,21/6/2024 17:00,0.222,0.25987394988530055
138,21/6/2024 18:00,0.222,0.4953709201509077
139,21/6/2024 19:00,0.216,0.7875540502349023
140,21/6/2024 20:00,0.216,0.894657272286348
141,21/6/2024 21:00,0.217,0.3578656092519306
142,21/6/2024 22:00,0.218,0.5253748527910955
143,21/6/2024 23:00,0.219,0.9227776766599545
144,22/6/2024 00:00,0.221,0.9450167016047072
145,22/6/2024 01:00,0.21,0.3691135825448815
146,22/6/2024 02:00,0.218,0.5644264115721807
147,22/6/2024 03:00,0.212,0.949569274186187
148,22/6/2024 04:00,0.206,1.1573341483483424
149,22/6/2024 05:00,0.212,1.235977781260486
150,22/6/2024 06:00,0.216,1.3672258040034388
151,22/6/2024 07:00,0.256,0.5468903216013755
152,22/6/2024 08:00,0.304,0.8184640151890189
153,22/6/2024 09:00,0.288,1.0822223136616524
154,22/6/2024 10:00,0.229,1.1296643768432486
155,22/6/2024 11:00,0.213,1.2353901361597048
156,22/6/2024 12:00,0.204,0.494156054463882
157,22/6/2024 13:00,0.213,1.1341998656211445
158,22/6/2024 14:00,0.206,1.1606099987163134
159,22/6/2024 15:00,0.206,0.4642439994865254
160,22/6/2024 16:00,0.204,0.48065823891925635
161,22/6/2024 17:00,0.203,0.655291109685845
162,22/6/2024 18:00,0.204,0.927515998732938
163,22/6/2024 19:00,0.211,0.9308678973701492
164,22/6/2024 20:00,0.237,1.0645185434087805
165,22/6/2024 21:00,0.221,0.42580741736351224
166,22/6/2024 22:00,0.332,0.5544411230318914
167,22/6/2024 23:00,0.251,0.891270768004757
168,23/6/2024 00:00,0.242,1.0133801590401825
169,23/6/2024 01:00,0.239,0.3650615211159849
170,23/6/2024 02:00,0.239,0.46239859495769847
171,23/6/2024 03:00,0.233,0.783042773882835
172,23/6/2024 04:00,0.227,0.31321710988954443
173,23/6/2024 05:00,0.222,0.3333798284981101
174,23/6/2024 06:00,0.232,0.3823275255893765
175,23/6/2024 07:00,0.231,0.586465287016461
176,23/6/2024 08:00,0.288,0.6971725391711568
177,23/6/2024 09:00,0.258,0.2788690161750408
178,23/6/2024 10:00,0.227,0.33204190792057703
179,23/6/2024 11:00,0.206,0.47073164730383993
180,23/6/2024 12:00,0.2,0.5143214084286841
181,23/6/2024 13:00,0.204,0.20572856340305176
182,23/6/2024 14:00,0.201,0.23659735636296536
183,23/6/2024 15:00,0.201,0.4902956382468164
184,23/6/2024 16:00,0.206,0.1592982813199575
185,23/6/2024 17:00,0.205,0.2123075728881054
186,23/6/2024 18:00,0.398,0.33580488470486636
187,23/6/2024 19:00,0.793,0.37627871581423666
188,23/6/2024 20:00,0.652,0.13484797437534532
189,23/6/2024 21:00,0.572,0.1663730691365449
190,23/6/2024 22:00,0.508,0.3084410926751515
191,23/6/2024 23:00,0.446,0.12337643707238932
192,24/6/2024 00:00,0.412,0.1527342881448621
193,24/6/2024 01:00,0.388,0.20413111468272993
194,24/6/2024 02:00,0.378,0.228651513809607
195,24/6/2024 03:00,0.35,0.0856653834711298
196,24/6/2024 04:00,0.298,0.10737345536664528
197,24/6/2024 05:00,0.288,0.18604404636334257
198,24/6/2024 06:00,0.259,0.07899416855290559
199,24/6/2024 07:00,0.231,0.09259256730837459
200,24/6/2024 08:00,0.251,0.11366989265956383
201,24/6/2024 09:00,0.254,0.13679164228665866
202,24/6/2024 10:00,0.24,0.06053919286262299
203,24/6/2024 11:00,0.28,0.10696024120281801
204,24/6/2024 12:00,0.35,0.10537560368112542
205,24/6/2024 13:00,0.294,0.11880695460002189
206,24/6/2024 14:00,0.256,0.04752278184003332
207,24/6/2024 15:00,0.231,0.05530385088207262
208,24/6/2024 16:00,0.247,0.10553334612666626
209,24/6/2024 17:00,0.25,0.04221333845066651
210,24/6/2024 18:00,0.241,0.04781400012325461
211,24/6/2024 19:00,0.229,0.05674154155917817
212,24/6/2024 20:00,0.226,0.06289711374294074
213,24/6/2024 21:00,0.205,0.0251588454971763
214,24/6/2024 22:00,0.234,0.03726503488752787
215,24/6/2024 23:00,0.236,0.05136260174987474
216,25/6/2024 00:00,0.24,0.0197628966500143
217,25/6/2024 01:00,0.249,0.02530170507927876
218,25/6/2024 02:00,0.23,0.02928765045542248
219,25/6/2024 03:00,0.23,0.03898858860971495
220,25/6/2024 04:00,0.226,0.01559543544388598
221,25/6/2024 05:00,0.209,0.01835189102919921
222,25/6/2024 06:00,0.203,0.01905714351872357
223,25/6/2024 07:00,0.212,0.02951877519524928
224,25/6/2024 08:00,0.194,0.03558612031223009
225,25/6/2024 09:00,0.197,0.01423444812489203
226,25/6/2024 10:00,0.196,0.02225291976587239
227,25/6/2024 11:00,0.2,0.03888832056846179
228,25/6/2024 12:00,0.197,0.04558436261153365
229,25/6/2024 13:00,0.283,0.05292639320076892
230,25/6/2024 14:00,0.234,0.0618544033637621
231,25/6/2024 15:00,0.227,0.07141364309685017
232,25/6/2024 16:00,0.219,0.07986992718776655
233,25/6/2024 17:00,0.216,0.09532103976556269
234,25/6/2024 18:00,0.213,0.03812841590622508
235,25/6/2024 19:00,0.209,0.0501354234898589
236,25/6/2024 20:00,0.205,0.08478701321935414
237,25/6/2024 21:00,0.2,0.09905782068875502
238,25/6/2024 22:00,0.202,0.03391480528787221
239,25/6/2024 23:00,0.213,0.05804929839725852
240,26/6/2024 00:00,0.227,0.05860772811413378
0,16/6/2024 00:00,0.302,0.0
1,16/6/2024 01:00,0.302,0.0
2,16/6/2024 02:00,0.361,0.08856576000000001
3,16/6/2024 03:00,0.468,0.15775984189440004
4,16/6/2024 04:00,0.429,0.22744127598983127
5,16/6/2024 05:00,0.387,0.3234322799109745
6,16/6/2024 06:00,0.383,0.40270984013989986
7,16/6/2024 07:00,0.385,0.38094674785528515
8,16/6/2024 08:00,0.366,0.4413629467442912
9,16/6/2024 09:00,0.338,0.17668952603566312
10,16/6/2024 10:00,0.323,0.2928949985095522
11,16/6/2024 11:00,0.327,0.4558587708996181
12,16/6/2024 12:00,0.339,0.5612142461836961
13,16/6/2024 13:00,0.37,0.22450628240260062
14,16/6/2024 14:00,0.363,0.2984343524546514
15,16/6/2024 15:00,0.312,0.5266549092266042
16,16/6/2024 16:00,0.303,0.17335640314182404
17,16/6/2024 17:00,0.302,0.2417409723992967
18,16/6/2024 18:00,0.316,0.37877051398450284
19,16/6/2024 19:00,0.303,0.4240704896425725
20,16/6/2024 20:00,0.309,0.15478949136309653
21,16/6/2024 21:00,0.316,0.18862604236085698
0,16/6/2024 00:00,0.302,0.0
1,16/6/2024 01:00,0.302,0.0
2,16/6/2024 02:00,0.361,0.088704
3,16/6/2024 03:00,0.468,0.14932257177599997
4,16/6/2024 04:00,0.429,0.1931295598601474
5,16/6/2024 05:00,0.387,0.2419957881975132
6,16/6/2024 06:00,0.383,0.31267104095828596
7,16/6/2024 07:00,0.385,0.4110244917642334
8,16/6/2024 08:00,0.366,0.48633031140485966
9,16/6/2024 09:00,0.338,0.17011763502768393
10,16/6/2024 10:00,0.323,0.7134514780310801
11,16/6/2024 11:00,0.327,0.26398260726661105
12,16/6/2024 12:00,0.339,0.5955511282716147
13,16/6/2024 13:00,0.37,0.17278102473678314
14,16/6/2024 14:00,0.363,0.5710825195248175
15,16/6/2024 15:00,0.312,0.17283291507240964
16,16/6/2024 16:00,0.303,0.3466448505437293
17,16/6/2024 17:00,0.302,0.35367782703363027
18,16/6/2024 18:00,0.316,0.4321460493352292
19,16/6/2024 19:00,0.303,0.17286418974499784
20,16/6/2024 20:00,0.309,0.21013548773802593
21,16/6/2024 21:00,0.316,0.3728223200271334
22,16/6/2024 22:00,0.325,0.37846469655128345
23,16/6/2024 23:00,0.316,0.14913724682711751
24,17/6/2024 00:00,0.329,0.1646310007961632
25,17/6/2024 01:00,0.309,0.2226778460889998
26,17/6/2024 02:00,0.521,0.06585479740769928
27,17/6/2024 03:00,0.491,0.15076689974938587
28,17/6/2024 04:00,0.417,0.16672145735947363
29,17/6/2024 05:00,0.393,0.1767733077897627
30,17/6/2024 06:00,0.332,0.06968147756281004
31,17/6/2024 07:00,0.343,0.0781301310527719
32,17/6/2024 08:00,0.355,0.1456747793321509
33,17/6/2024 09:00,0.302,0.05827012379459228
34,17/6/2024 10:00,0.237,0.07093282088936152
35,17/6/2024 11:00,0.227,0.07586738371210368
36,17/6/2024 12:00,0.217,0.09228013373786692
37,17/6/2024 13:00,0.214,0.039198805000505
38,17/6/2024 14:00,0.208,0.05585087446575859
39,17/6/2024 15:00,0.247,0.06866506259743384
40,17/6/2024 16:00,0.227,0.07191673373660623
41,17/6/2024 17:00,0.214,0.07554969061465862
42,17/6/2024 18:00,0.209,0.0834984414127939
43,17/6/2024 19:00,0.226,0.04345380712786619
44,17/6/2024 20:00,0.327,0.08813085216246218
45,17/6/2024 21:00,0.349,0.10017841245463041
46,17/6/2024 22:00,0.351,0.12147743688016813
47,17/6/2024 23:00,0.339,0.0608998480182083
48,18/6/2024 00:00,0.35,0.0960172587480303
49,18/6/2024 01:00,0.411,0.14929558504959617
50,18/6/2024 02:00,0.426,0.16649635357170045
51,18/6/2024 03:00,0.4,0.07284806303099674
52,18/6/2024 04:00,0.404,0.12802749603912464
53,18/6/2024 05:00,0.4,0.20195363971852975
54,18/6/2024 06:00,0.382,0.20707275334999772
55,18/6/2024 07:00,0.409,0.09595643705536927
56,18/6/2024 08:00,0.417,0.15912222118578118
57,18/6/2024 09:00,0.382,0.2804075161693848
58,18/6/2024 10:00,0.31,0.30411902339594915
59,18/6/2024 11:00,0.258,0.11855756059604089
60,18/6/2024 12:00,0.251,0.20244849148177277
61,18/6/2024 13:00,0.27,0.3290153655530502
62,18/6/2024 14:00,0.262,0.3720825893155281
63,18/6/2024 15:00,0.258,0.17252942995633724
64,18/6/2024 16:00,0.641,0.22679167743688655
65,18/6/2024 17:00,0.542,0.2607554117651913
66,18/6/2024 18:00,0.485,0.38648394673145986
67,18/6/2024 19:00,0.421,0.47463890350757343
68,18/6/2024 20:00,0.4,0.5559711688853307
69,18/6/2024 21:00,0.413,0.2309335304871678
70,18/6/2024 22:00,0.387,0.28599694309065904
71,18/6/2024 23:00,0.382,0.30626480946165063
72,19/6/2024 00:00,0.454,0.5300375091484727
73,19/6/2024 01:00,0.477,0.6473200027920359
74,19/6/2024 02:00,0.399,0.26176189254822047
75,19/6/2024 03:00,0.361,0.3414588388933059
76,19/6/2024 04:00,0.386,0.6053112488259179
77,19/6/2024 05:00,0.389,0.5843943466748222
78,19/6/2024 06:00,0.373,0.23878849785009876
79,19/6/2024 07:00,0.395,0.3181549108962881
80,19/6/2024 08:00,0.399,0.5970999097293349
81,19/6/2024 09:00,0.333,0.21860322926698347
82,19/6/2024 10:00,0.283,0.2718561542889572
83,19/6/2024 11:00,0.233,0.5165762134753422
84,19/6/2024 12:00,0.218,0.5631728900669245
85,19/6/2024 13:00,0.216,0.2271426604698513
86,19/6/2024 14:00,0.228,0.2755893365803364
87,19/6/2024 15:00,0.216,0.531735366342739
88,19/6/2024 16:00,0.218,0.21846452371634886
89,19/6/2024 17:00,0.217,0.24893147182243988
90,19/6/2024 18:00,0.216,0.3683891635660349
91,19/6/2024 19:00,0.224,0.39238472670516494
92,19/6/2024 20:00,0.223,0.1611077851119429
93,19/6/2024 21:00,0.229,0.21541038845177582
94,19/6/2024 22:00,0.217,0.3723397901783773
95,19/6/2024 23:00,0.216,0.12902530521559955
96,20/6/2024 00:00,0.216,0.16834010099425942
97,20/6/2024 01:00,0.216,0.231932741189495
98,20/6/2024 02:00,0.264,0.27298327318202487
99,20/6/2024 03:00,0.223,0.11208611713779307
100,20/6/2024 04:00,0.214,0.13962267821492985
101,20/6/2024 05:00,0.213,0.22076833935668672
102,20/6/2024 06:00,0.213,0.08963573670179831
103,20/6/2024 07:00,0.218,0.1173064715772346
104,20/6/2024 08:00,0.218,0.14690649812044154
105,20/6/2024 09:00,0.218,0.18250788678344695
106,20/6/2024 10:00,0.218,0.05901371591887315
107,20/6/2024 11:00,0.218,0.0814016715092362
108,20/6/2024 12:00,0.208,0.14863466234261222
109,20/6/2024 13:00,0.206,0.1626600741282075
110,20/6/2024 14:00,0.224,0.06246621591126605
111,20/6/2024 15:00,0.213,0.07594600474535036
112,20/6/2024 16:00,0.216,0.08144205031742602
113,20/6/2024 17:00,0.214,0.08666526199914429
114,20/6/2024 18:00,0.211,0.12995142970187804
115,20/6/2024 19:00,0.209,0.16687204369831715
116,20/6/2024 20:00,0.21,0.20851662822344777
117,20/6/2024 21:00,0.209,0.08352489025151989
118,20/6/2024 22:00,0.208,0.12102585041459088
119,20/6/2024 23:00,0.209,0.19808182885459952
120,21/6/2024 00:00,0.207,0.23865578286932312
121,21/6/2024 01:00,0.216,0.09552732302761391
122,21/6/2024 02:00,0.261,0.1748102712415714
123,21/6/2024 03:00,0.212,0.2804572524476538
124,21/6/2024 04:00,0.232,0.36316909607076986
125,21/6/2024 05:00,0.246,0.14529358392189673
126,21/6/2024 06:00,0.263,0.22729617772219618
