Date,Hour,Hourly rainfall value
4/16/2024,21,0
4/16/2024,22,1.6
4/16/2024,23,0
4/17/2024,0,0
4/17/2024,1,0
4/17/2024,2,0
4/17/2024,3,0
4/17/2024,4,0
4/17/2024,5,0
4/17/2024,7,0
4/17/2024,7,0
4/17/2024,8,0
4/17/2024,9,0
4/17/2024,10,0
4/17/2024,11,0
4/17/2024,12,0
4/17/2024,14,0
4/17/2024,14,0
4/17/2024,15,0
4/17/2024,16,0
4/17/2024,17,0
4/17/2024,18,0
4/17/2024,19,0
4/17/2024,20,0
4/17/2024,21,0
4/17/2024,22,0
4/17/2024,23,0
4/18/2024,0,0
4/18/2024,1,0
4/18/2024,2,0
4/18/2024,3,0
4/18/2024,4,0
4/18/2024,5,0
4/18/2024,6,0
4/18/2024,7,0
4/18/2024,8,0
4/18/2024,9,0
4/18/2024,10,0
4/18/2024,11,0
4/18/2024,12,0
4/18/2024,13,0
4/18/2024,14,0
4/18/2024,15,0
4/18/2024,16,0
4/18/2024,17,0
4/18/2024,19,0
4/18/2024,19,0
4/18/2024,20,0
4/18/2024,22,0
4/18/2024,22,0
4/18/2024,23,0
4/19/2024,1,0
4/19/2024,1,0
4/19/2024,3,0
4/19/2024,4,0
4/19/2024,4,0
4/19/2024,5,0
4/19/2024,7,0
4/19/2024,7,0
4/19/2024,8,0
4/19/2024,10,0
4/19/2024,10,0
4/19/2024,11,0
4/19/2024,13,0
4/19/2024,13,0
4/19/2024,14,0
4/19/2024,16,0
4/19/2024,16,0
4/19/2024,19,0
4/19/2024,19,0
4/19/2024,20,0
4/19/2024,22,0
4/19/2024,22,0
4/19/2024,23,0
4/20/2024,1,0
4/20/2024,1,0
4/20/2024,3,0
4/20/2024,4,0
4/20/2024,4,0
4/20/2024,5,0
4/20/2024,7,0
4/20/2024,7,0
4/20/2024,9,0
4/20/2024,10,0
4/20/2024,10,0
4/20/2024,12,0
4/20/2024,13,0
4/20/2024,13,0
4/20/2024,14,0
4/20/2024,15,0
4/20/2024,16,0
4/20/2024,17,0
4/20/2024,18,0
4/20/2024,19,0
4/20/2024,20,0
4/20/2024,21,0
4/20/2024,22,0
4/20/2024,23,0
4/21/2024,0,0
4/21/2024,1,0
4/21/2024,3,0
4/21/2024,4,0
4/21/2024,5,0
4/21/2024,6,0
4/21/2024,7,0
4/21/2024,7,0
4/21/2024,9,0
4/21/2024,10,0
4/21/2024,10,0
4/21/2024,12,0
4/21/2024,13,0
4/21/2024,13,0
4/21/2024,14,0
4/21/2024,15,0
4/21/2024,16,0
4/21/2024,17,0
4/21/2024,18,0
4/21/2024,19,0
4/21/2024,20,0
4/21/2024,21,0
4/21/2024,22,0
4/21/2024,23,0
4/22/2024,0,0
4/22/2024,1,0
4/22/2024,3,0
4/22/2024,4,0
4/22/2024,4,0
4/22/2024,6,0
4/22/2024,7,0
4/22/2024,7,0
4/22/2024,9,0
4/22/2024,10,0
4/22/2024,10,0
4/22/2024,11,0
4/22/2024,13,0
4/22/2024,13,0
4/22/2024,14,0
4/22/2024,15,0
4/22/2024,16,0
4/22/2024,17,0
4/22/2024,19,0
4/22/2024,19,0
4/22/2024,20,0
4/22/2024,21,0
4/22/2024,22,0
4/22/2024,23,0
4/23/2024,0,0
4/23/2024,1,0
4/23/2024,3,0
4/23/2024,4,0
4/23/2024,5,0
4/23/2024,6,0
4/23/2024,7,0
4/23/2024,7,0
4/23/2024,9,0
4/23/2024,10,0
4/23/2024,10,0
4/23/2024,11,0
4/23/2024,12,0
4/23/2024,13,0
4/23/2024,14,0
4/23/2024,15,0
4/23/2024,16,0
4/23/2024,17,0
4/23/2024,18,0
4/23/2024,19,0
4/23/2024,20,0
4/23/2024,21,0
4/23/2024,22,0
4/23/2024,23,0
4/24/2024,0,0
4/24/2024,1,0
4/24/2024,2,0
4/24/2024,3,0
4/24/2024,4,0
4/24/2024,5,0
4/24/2024,6,0
4/24/2024,7,0
4/24/2024,8,0
4/24/2024,9,0
4/24/2024,10,0
4/24/2024,11,0
4/24/2024,12,0
4/24/2024,13,0
4/24/2024,14,0
4/24/2024,15,0
4/24/2024,16,0
4/24/2024,17,0
4/24/2024,19,0
4/24/2024,19,0
4/24/2024,20,0
4/24/2024,21,0
4/24/2024,22,0
4/24/2024,23,0
4/25/2024,0,0
4/25/2024,1,0
4/25/2024,3,0
4/25/2024,4,0
4/25/2024,4,0
4/25/2024,6,0
4/25/2024,7,0
4/25/2024,8,0
4/25/2024,9,0
4/25/2024,10,0
4/25/2024,10,0
4/25/2024,12,0
4/25/2024,13,0
4/25/2024,13,0
4/25/2024,14,0
4/25/2024,15,0
4/25/2024,17,0
4/25/2024,17,0
4/25/2024,19,0
4/25/2024,19,0
4/25/2024,20,0
4/25/2024,21,0
4/25/2024,22,0
4/25/2024,23,0
4/26/2024,0,0
4/26/2024,1,0
4/26/2024,3,0
4/26/2024,4,0
4/26/2024,4,0
4/26/2024,6,0
4/26/2024,7,0
4/26/2024,7,0
4/26/2024,8,0
4/26/2024,10,0
4/26/2024,10,0
4/26/2024,11,0
4/26/2024,12,0
4/26/2024,14,0
4/26/2024,14,0
4/26/2024,15,0
4/26/2024,17,0
4/26/2024,18,0
4/26/2024,19,0
4/26/2024,20,0
4/26/2024,20,0
4/26/2024,21,0
4/26/2024,22,0
4/26/2024,23,0
4/27/2024,0,0
4/27/2024,1,0
4/27/2024,2,0
4/27/2024,4,0
4/27/2024,4,0
4/27/2024,6,0
4/27/2024,7,0
4/27/2024,7,0
4/27/2024,9,0
4/27/2024,10,0
4/27/2024,10,0
4/27/2024,11,0
4/27/2024,12,0
4/27/2024,13,0
4/27/2024,14,0
4/27/2024,15,0
4/27/2024,16,0
4/27/2024,17,0
4/27/2024,18,0
4/27/2024,19,0
4/27/2024,20,0
4/27/2024,21,0
4/27/2024,22,0
4/27/2024,23,0
4/28/2024,0,0
4/28/2024,1,0
4/28/2024,2,0
4/28/2024,4,0
4/28/2024,4,0
4/28/2024,5,0
4/28/2024,7,0
4/28/2024,7,0
4/28/2024,8,0
4/28/2024,9,0
4/28/2024,10,0
4/28/2024,11,0
4/28/2024,12,0
4/28/2024,13,0
4/28/2024,14,0
4/28/2024,15,0
4/28/2024,16,0
4/28/2024,17,0
4/28/2024,18,0
4/28/2024,19,0
4/28/2024,20,0
4/28/2024,21,0
4/28/2024,22,0
4/28/2024,23,0
4/29/2024,0,0
4/29/2024,1,0
4/29/2024,2,0
4/29/2024,3,0
4/29/2024,4,0
4/29/2024,5,0
4/29/2024,6,0
4/29/2024,7,0
4/29/2024,8,0
4/29/2024,9,0
4/29/2024,10,0
4/29/2024,11,0
4/29/2024,12,0
4/29/2024,13,0
4/29/2024,14,0
4/29/2024,15,0
4/29/2024,16,0
4/29/2024,17,0
4/29/2024,18,0
4/29/2024,19,0
4/29/2024,20,0
4/29/2024,21,0
4/29/2024,22,0
4/29/2024,23,0
4/30/2024,0,0
4/30/2024,1,0
4/30/2024,2,0
4/30/2024,3,0
4/30/2024,4,0
4/30/2024,5,0
4/30/2024,6,0
4/30/2024,7,0
4/30/2024,8,0
4/30/2024,9,0
4/30/2024,10,0
4/30/2024,11,0
4/30/2024,12,0
4/30/2024,13,0
4/30/2024,14,0
4/30/2024,15,0
4/30/2024,16,0
4/30/2024,17,0
4/30/2024,18,0
4/30/2024,19,0
4/30/2024,20,0
4/30/2024,21,0
4/30/2024,22,0
4/30/2024,23,0
5/1/2024,0,0
5/1/2024,1,0
5/1/2024,2,0
5/1/2024,3,0
5/1/2024,4,0
5/1/2024,5,0
5/1/2024,6,0
5/1/2024,7,0
5/1/2024,8,0
5/1/2024,9,0
5/1/2024,11,0
5/1/2024,11,0
5/1/2024,12,0
5/1/2024,14,0
5/1/2024,14,0
5/1/2024,15,0
5/1/2024,16,0
5/1/2024,17,0
5/1/2024,20,0
5/1/2024,20,0
5/1/2024,20,0
5/1/2024,21,0
5/1/2024,22,0
5/1/2024,23,0
5/2/2024,0,0
5/2/2024,1,0
5/2/2024,2,0
5/2/2024,3,0
5/2/2024,4,0
5/2/2024,5,0
5/2/2024,6,0
5/2/2024,7,0
5/2/2024,8,0
5/2/2024,9,0
5/2/2024,10,0
5/2/2024,11,0
5/2/2024,12,0
5/2/2024,13,0
5/2/2024,14,0
5/2/2024,15,0
5/2/2024,16,0
5/2/2024,17,0
5/2/2024,18,0
5/2/2024,19,0
5/2/2024,20,0
5/2/2024,21,0
5/2/2024,22,0
5/2/2024,23,0
5/3/2024,0,0
5/3/2024,1,0
5/3/2024,2,0
5/3/2024,3,0
5/3/2024,4,0
5/3/2024,5,0
5/3/2024,6,0
5/3/2024,7,0
5/3/2024,8,0
5/3/2024,9,0
5/3/2024,10,0
5/3/2024,11,0
5/3/2024,12,0
5/3/2024,13,0
5/3/2024,14,0
5/3/2024,15,0
5/3/2024,16,0
5/3/2024,17,0
5/3/2024,18,0
5/3/2024,19,0
5/3/2024,20,0
5/3/2024,21,0
5/3/2024,22,0
5/3/2024,23,0
5/4/2024,0,0
5/4/2024,1,0
5/4/2024,2,0
5/4/2024,3,0
5/4/2024,4,0
5/4/2024,5,0
5/4/2024,6,0
5/4/2024,7,0
5/4/2024,8,0
5/4/2024,9,0
5/4/2024,10,0
5/4/2024,11,0
5/4/2024,12,0
5/4/2024,13,0
5/4/2024,14,0
5/4/2024,15,0
5/4/2024,16,0
5/4/2024,17,0
5/4/2024,18,0
5/4/2024,19,0
5/4/2024,20,0
5/4/2024,21,0
5/4/2024,22,0
5/4/2024,23,0
5/5/2024,0,0
5/5/2024,1,0
5/5/2024,2,0
5/5/2024,3,0
5/5/2024,4,0
5/5/2024,5,0
5/5/2024,6,0
5/5/2024,7,0
5/5/2024,8,0
5/5/2024,9,0
5/5/2024,10,0
5/5/2024,11,0
5/5/2024,12,0
5/5/2024,13,-
5/5/2024,14,-
5/5/2024,15,-
5/5/2024,16,-
5/5/2024,17,-
5/5/2024,18,-
5/5/2024,19,-
5/5/2024,20,-
5/5/2024,21,-
5/5/2024,22,-
5/5/2024,23,-
5/6/2024,0,-
5/6/2024,1,-
5/6/2024,2,-
5/6/2024,3,-
5/6/2024,4,-
5/6/2024,5,-
5/6/2024,6,-
5/6/2024,7,-
5/6/2024,18,0
5/6/2024,19,0
5/6/2024,20,0
5/6/2024,21,0
5/6/2024,22,3.2
5/6/2024,23,5.6
5/7/2024,0,1
5/7/2024,1,0
5/7/2024,2,0
5/7/2024,3,0
5/7/2024,4,0
5/7/2024,5,0
5/7/2024,6,0
5/7/2024,7,0
5/7/2024,8,0
5/7/2024,9,0
5/7/2024,10,0
5/7/2024,11,0
5/7/2024,12,0
5/7/2024,13,0
5/7/2024,14,0
5/7/2024,15,0
5/7/2024,16,0
5/7/2024,17,0
5/7/2024,18,0
5/7/2024,19,0
5/7/2024,20,0
5/7/2024,21,0
5/7/2024,22,0
5/7/2024,23,0
5/8/2024,0,0
5/8/2024,1,0
5/8/2024,2,0
5/8/2024,3,0
5/8/2024,4,0
5/8/2024,5,0
5/8/2024,6,0
5/8/2024,7,0
5/8/2024,8,0
5/8/2024,9,0
5/8/2024,10,0
5/8/2024,11,0
5/8/2024,12,0
5/8/2024,13,0
5/8/2024,14,0
5/8/2024,15,0
5/8/2024,16,0
5/8/2024,17,0
5/8/2024,18,3.6
5/8/2024,19,1.4
5/8/2024,20,0.4
5/8/2024,21,0.2
5/8/2024,22,0
5/8/2024,23,0
5/9/2024,0,0
5/9/2024,1,0
5/9/2024,2,0
5/9/2024,3,0
5/9/2024,4,0
5/9/2024,5,0
5/9/2024,6,0
5/9/2024,7,0
5/9/2024,8,0
5/9/2024,9,0
5/9/2024,10,0
5/9/2024,11,0
5/9/2024,12,0
5/9/2024,13,0
5/9/2024,14,0
5/9/2024,15,0
5/9/2024,16,0
5/9/2024,17,0
5/9/2024,18,0
5/9/2024,19,0
5/9/2024,20,0
5/9/2024,21,0
5/9/2024,22,0
5/9/2024,23,0
5/10/2024,0,0
5/10/2024,1,0
5/10/2024,2,0
5/10/2024,3,0
5/10/2024,4,3.4
5/10/2024,5,6.6
5/10/2024,6,1.6
5/10/2024,7,0.4
5/10/2024,8,0
5/10/2024,9,0
5/10/2024,10,0
5/10/2024,11,0
5/10/2024,12,0
5/10/2024,13,0
5/10/2024,14,0
5/10/2024,15,0
5/10/2024,16,0
5/10/2024,17,0
5/10/2024,18,0
5/10/2024,19,0
5/10/2024,20,0
5/10/2024,21,0
5/10/2024,22,0
5/10/2024,23,0
5/11/2024,0,0
5/11/2024,1,0
5/11/2024,2,0
5/11/2024,3,0
5/11/2024,4,0
5/11/2024,5,0
5/11/2024,6,0
5/11/2024,7,0
5/11/2024,8,0
5/11/2024,9,0
5/11/2024,10,0
5/11/2024,11,0
5/11/2024,12,0
5/11/2024,13,0
5/11/2024,14,0
5/11/2024,15,0
5/11/2024,16,0
5/11/2024,17,0
5/11/2024,18,0
5/11/2024,19,0
5/11/2024,20,0
5/11/2024,21,0
5/11/2024,22,0
5/11/2024,23,0
5/12/2024,0,0
5/12/2024,1,0
5/12/2024,2,0
5/12/2024,3,0
5/12/2024,4,0
5/12/2024,5,0
5/12/2024,6,0
5/12/2024,7,0
5/12/2024,8,0.8
5/12/2024,9,0.4
5/12/2024,10,0
5/12/2024,11,0
5/12/2024,12,0
5/12/2024,13,10.4
5/12/2024,14,4.4
5/12/2024,15,0.6
5/12/2024,16,0.2
5/12/2024,17,0
5/12/2024,18,0
5/12/2024,19,0
5/12/2024,20,0
5/12/2024,21,0
5/12/2024,22,0
5/12/2024,23,0
5/13/2024,0,0
5/13/2024,1,0
5/13/2024,2,0
5/13/2024,3,0
5/13/2024,4,0
5/13/2024,5,0
5/13/2024,6,0
5/13/2024,7,0
5/13/2024,8,0
5/13/2024,9,0
5/13/2024,10,0.2
5/13/2024,11,0
5/13/2024,12,0
5/13/2024,13,0
5/13/2024,14,0
5/13/2024,15,0
5/13/2024,16,0
5/13/2024,17,0
5/13/2024,18,0
5/13/2024,19,0
5/13/2024,20,0
5/13/2024,21,0
5/13/2024,22,0
5/13/2024,23,0
5/14/2024,0,0
5/14/2024,1,0
5/14/2024,2,0
5/14/2024,3,0
5/14/2024,4,0
5/14/2024,5,0
5/14/2024,6,0
5/14/2024,7,0
5/14/2024,8,0
5/14/2024,9,0
5/14/2024,10,0
5/14/2024,11,0
5/14/2024,12,0
5/14/2024,13,0
5/14/2024,14,0
5/14/2024,15,0
5/14/2024,16,0
5/14/2024,17,0
5/14/2024,18,0
5/14/2024,19,0
5/14/2024,20,0
5/14/2024,21,0
5/14/2024,22,0
5/14/2024,23,0
5/15/2024,0,0
5/15/2024,1,0
5/15/2024,2,0
5/15/2024,3,0
5/15/2024,4,0
5/15/2024,5,0
5/15/2024,6,0
5/15/2024,7,0
5/15/2024,8,0
5/15/2024,9,0
5/15/2024,10,0
5/15/2024,11,0
5/15/2024,12,0
5/15/2024,13,0
5/15/2024,14,0
5/15/2024,15,0
5/15/2024,16,0
5/15/2024,17,0
5/15/2024,18,0
5/15/2024,19,0
5/15/2024,20,0
5/15/2024,21,0
5/15/2024,22,1.4
5/15/2024,23,7.2
5/16/2024,0,0.8
5/16/2024,1,0.2
5/16/2024,2,0
5/16/2024,3,0
5/16/2024,4,0
5/16/2024,5,0
5/16/2024,6,0.2
5/16/2024,7,0
5/16/2024,8,0
5/16/2024,9,0
5/16/2024,10,0
5/16/2024,11,0
5/16/2024,12,0
5/16/2024,13,0
5/16/2024,14,0
5/16/2024,15,0
5/16/2024,16,0
5/16/2024,17,0
5/16/2024,18,0
5/16/2024,19,0
5/16/2024,20,0
5/16/2024,21,0
5/16/2024,22,0
5/16/2024,23,0
5/17/2024,0,0
5/17/2024,1,0
5/17/2024,2,0
5/17/2024,3,0
5/17/2024,4,0
5/17/2024,5,0
5/17/2024,6,0
5/17/2024,7,0
5/17/2024,8,0
5/17/2024,9,0
5/17/2024,10,0
5/17/2024,11,0
5/17/2024,12,0
5/17/2024,13,0
5/17/2024,14,0
5/17/2024,15,0
5/17/2024,16,0
5/17/2024,17,0
5/17/2024,18,0
5/17/2024,19,0
5/17/2024,20,0
5/17/2024,21,0
5/17/2024,22,0
5/17/2024,23,0
5/18/2024,0,0
5/18/2024,1,0
5/18/2024,2,0
5/18/2024,3,0
5/18/2024,4,0
5/18/2024,5,0
5/18/2024,6,0
5/18/2024,7,0
5/18/2024,8,0
5/18/2024,9,0
5/18/2024,10,0
5/18/2024,11,0
5/18/2024,12,0
5/18/2024,13,0
5/18/2024,14,0
5/18/2024,15,0
5/18/2024,16,0
5/18/2024,17,0
5/18/2024,18,0
5/18/2024,19,0
5/18/2024,20,0
5/18/2024,21,0
5/18/2024,22,0
5/18/2024,23,0
5/19/2024,0,0
5/19/2024,1,0
5/19/2024,2,0
5/19/2024,3,0
5/19/2024,4,0
5/19/2024,5,0
5/19/2024,6,0
5/19/2024,7,0
5/19/2024,8,0
5/19/2024,9,0
5/19/2024,10,0
5/19/2024,11,0
5/19/2024,12,0
5/19/2024,13,0
5/19/2024,14,0
5/19/2024,15,0
5/19/2024,16,1
5/19/2024,17,0
5/19/2024,18,0
5/19/2024,19,10.2
5/19/2024,20,0.4
5/19/2024,21,0
5/19/2024,22,0
5/19/2024,23,0
5/20/2024,0,0
5/20/2024,1,0
5/20/2024,2,0
5/20/2024,3,0
5/20/2024,4,0
5/20/2024,5,0
5/20/2024,6,0
5/20/2024,7,0
5/20/2024,8,0
5/20/2024,9,13.2
5/20/2024,10,7
5/20/2024,11,0
5/20/2024,12,0
5/20/2024,13,0
5/20/2024,14,0
5/20/2024,15,0
5/20/2024,16,0
5/20/2024,17,0
5/20/2024,19,0
5/20/2024,20,0
5/20/2024,21,0
5/20/2024,22,0
5/20/2024,23,0
5/21/2024,0,0
5/21/2024,1,0
5/21/2024,2,0
5/21/2024,3,0
5/21/2024,4,0
5/21/2024,5,0
5/21/2024,6,0
5/21/2024,7,0
5/21/2024,8,0
5/21/2024,9,0
5/21/2024,10,0
5/21/2024,11,0
5/21/2024,12,0
5/21/2024,13,0
5/21/2024,14,0
5/21/2024,15,0
5/21/2024,16,0
5/21/2024,17,0
5/21/2024,18,0
5/21/2024,19,0
5/21/2024,20,20.4
5/21/2024,21,4.6
5/21/2024,22,1
5/21/2024,23,0
5/22/2024,0,0
5/22/2024,1,0
5/22/2024,2,0
5/22/2024,3,0
5/22/2024,4,0
5/22/2024,5,0
5/22/2024,6,0
5/22/2024,7,0
5/22/2024,8,0
5/22/2024,9,0
5/22/2024,10,0
5/22/2024,11,0
5/22/2024,12,0
5/22/2024,13,0
5/22/2024,14,0
5/22/2024,15,0.4
5/22/2024,16,0.8
5/22/2024,17,0.2
5/22/2024,18,18
5/22/2024,19,1.2
5/22/2024,20,0
5/22/2024,21,0
5/22/2024,22,0
5/22/2024,23,0
5/23/2024,0,0
5/23/2024,1,0
5/23/2024,2,0
5/23/2024,3,0.2
5/23/2024,4,0
5/23/2024,5,0
5/23/2024,6,0
5/23/2024,7,0
5/23/2024,8,0
5/23/2024,9,0
5/23/2024,10,0
5/23/2024,11,0
5/23/2024,12,0
5/23/2024,13,0
5/23/2024,14,0
5/23/2024,15,0
5/23/2024,16,0
5/23/2024,17,0
5/23/2024,18,0
5/23/2024,19,0
5/23/2024,20,0
5/23/2024,21,0
5/23/2024,22,0
5/23/2024,23,0
5/24/2024,0,0
5/24/2024,1,0
5/24/2024,2,0
5/24/2024,3,0
5/24/2024,4,0
5/24/2024,5,0
5/24/2024,6,0
5/24/2024,7,0
5/24/2024,8,0
5/24/2024,9,0
5/24/2024,10,0
5/24/2024,11,0
5/24/2024,12,0
5/24/2024,13,0
5/24/2024,14,0
5/24/2024,15,0
5/24/2024,16,0
5/24/2024,17,2.6
5/24/2024,18,1.6
5/24/2024,19,0
5/24/2024,20,0
5/24/2024,21,0
5/24/2024,22,0
5/24/2024,23,0
5/25/2024,0,0
5/25/2024,1,0
5/25/2024,2,0
5/25/2024,3,0
5/25/2024,4,0
5/25/2024,5,0
5/25/2024,6,0
5/25/2024,7,0
5/25/2024,8,0
5/25/2024,9,0
5/25/2024,10,0
5/25/2024,11,0
5/25/2024,12,0
5/25/2024,13,0
5/25/2024,14,0
5/25/2024,15,0
5/25/2024,16,0
5/25/2024,17,0
5/25/2024,18,0
5/25/2024,19,0
5/25/2024,20,0
5/25/2024,21,0
5/25/2024,22,0
5/25/2024,23,0
5/26/2024,0,6.8
5/26/2024,1,0
5/26/2024,2,0
5/26/2024,3,0
5/26/2024,4,0
5/26/2024,5,0
5/26/2024,6,0
5/26/2024,7,0
5/26/2024,8,0
5/26/2024,9,0
5/26/2024,10,0
5/26/2024,11,0
5/26/2024,12,6
5/26/2024,13,7
5/26/2024,14,0
5/26/2024,15,0
5/26/2024,16,0
5/26/2024,17,0
5/26/2024,18,0
5/26/2024,19,0
5/26/2024,20,0
5/26/2024,21,0
5/26/2024,22,0
5/26/2024,23,0
5/27/2024,0,0
5/27/2024,1,0
5/27/2024,2,0
5/27/2024,3,0
5/27/2024,4,0
5/27/2024,5,0
5/27/2024,6,0
5/27/2024,7,0
5/27/2024,8,0
5/27/2024,9,0
5/27/2024,10,0
5/27/2024,11,0
5/27/2024,12,0
5/27/2024,13,0
5/27/2024,15,0
5/27/2024,16,0
5/27/2024,17,0
5/27/2024,18,0
5/27/2024,19,0
5/27/2024,20,0
5/27/2024,21,0
5/27/2024,22,2.4
5/27/2024,23,0
5/28/2024,0,0
5/28/2024,1,1
5/28/2024,2,0.4
5/28/2024,3,0
5/28/2024,4,0.2
5/28/2024,5,6.2
5/28/2024,6,0.2
5/28/2024,7,0.2
5/28/2024,8,0.4
5/28/2024,9,0
5/28/2024,10,0
5/28/2024,11,0
5/28/2024,12,0
5/28/2024,13,0
5/28/2024,14,0
5/28/2024,15,0
5/28/2024,16,0.2
5/28/2024,17,0
5/28/2024,18,0
5/28/2024,19,0
5/28/2024,20,0
5/28/2024,21,0
5/28/2024,22,0
5/28/2024,23,0
5/29/2024,0,0
5/29/2024,1,0
5/29/2024,2,0
5/29/2024,3,0
5/29/2024,4,0
5/29/2024,5,0
5/29/2024,6,0
5/29/2024,7,0
5/29/2024,8,0
5/29/2024,9,0.2
5/29/2024,10,0
5/29/2024,11,0
5/29/2024,12,0
5/29/2024,13,0
5/29/2024,14,0
5/29/2024,15,0
5/29/2024,16,0
5/29/2024,17,0
5/29/2024,18,0
5/29/2024,19,0
5/29/2024,20,0
5/29/2024,21,0
5/29/2024,22,0
5/29/2024,23,0
5/30/2024,0,0
5/30/2024,1,0
5/30/2024,2,0
5/30/2024,3,0
5/30/2024,4,0
5/30/2024,5,0
5/30/2024,6,0
5/30/2024,7,0
5/30/2024,8,0
5/30/2024,9,0
5/30/2024,10,0
5/30/2024,11,0
5/30/2024,12,0
5/30/2024,13,0
5/30/2024,14,0
5/30/2024,15,0
5/30/2024,16,0
5/30/2024,17,0
5/30/2024,18,0
5/30/2024,19,0
5/30/2024,20,0
5/30/2024,21,0
5/30/2024,22,1.6
5/30/2024,23,0.2
5/31/2024,0,2.4
5/31/2024,1,1.8
5/31/2024,2,0
5/31/2024,3,0.2
5/31/2024,4,0
5/31/2024,5,0
5/31/2024,6,0
5/31/2024,7,0
5/31/2024,8,0
5/31/2024,9,0
5/31/2024,10,0
5/31/2024,11,0
5/31/2024,12,0
5/31/2024,13,0
5/31/2024,14,0
5/31/2024,15,0
5/31/2024,16,0
5/31/2024,17,0
5/31/2024,18,0
5/31/2024,19,0
5/31/2024,20,0
5/31/2024,21,0
5/31/2024,22,0
5/31/2024,23,0
6/1/2024,0,0
6/1/2024,1,0
6/1/2024,2,0
6/1/2024,3,0
6/1/2024,4,0
6/1/2024,5,0
6/1/2024,6,0
6/1/2024,7,0
6/1/2024,8,0
6/1/2024,9,0
6/1/2024,10,0
6/1/2024,11,0
6/1/2024,12,0
6/1/2024,13,0
6/1/2024,14,0
6/1/2024,15,0
6/1/2024,16,0
6/1/2024,17,0
6/1/2024,18,0.2
6/1/2024,19,2
6/1/2024,20,0
6/1/2024,21,0
6/1/2024,22,0
6/1/2024,23,0
6/2/2024,0,0
6/2/2024,1,0
6/2/2024,2,0
6/2/2024,3,0
6/2/2024,4,0
6/2/2024,5,0
6/2/2024,6,0
6/2/2024,7,0
6/2/2024,8,0
6/2/2024,9,0
6/2/2024,10,0
6/2/2024,11,0
6/2/2024,12,0
6/2/2024,13,0
6/2/2024,14,0
6/2/2024,15,0
6/2/2024,16,0
6/2/2024,17,0
6/2/2024,18,0
6/2/2024,19,0
6/2/2024,20,0
6/2/2024,21,0
6/2/2024,22,0
6/2/2024,23,0
6/3/2024,0,0
6/3/2024,1,0
6/3/2024,2,0
6/3/2024,3,0
6/3/2024,4,0
6/3/2024,5,0
6/3/2024,6,0
6/3/2024,7,0
6/3/2024,8,0
6/3/2024,9,0
6/3/2024,10,0
6/3/2024,11,0
6/3/2024,12,0
6/3/2024,13,0
6/3/2024,14,0
6/3/2024,15,0
6/3/2024,16,0
6/3/2024,17,0
6/3/2024,18,0
6/3/2024,19,0
6/3/2024,20,0
6/3/2024,21,0
6/3/2024,22,0
6/3/2024,23,0
6/4/2024,0,0
6/4/2024,1,0
6/4/2024,2,0
6/4/2024,3,0
6/4/2024,4,0
6/4/2024,5,0
6/4/2024,6,0
6/4/2024,7,0
6/4/2024,8,0
6/4/2024,9,0
6/4/2024,10,0
6/4/2024,11,0
6/4/2024,12,0
6/4/2024,13,0
6/4/2024,14,12
6/4/2024,15,0.8
6/4/2024,16,0.4
6/4/2024,17,0
6/4/2024,18,0
6/4/2024,19,0
6/4/2024,20,0
6/4/2024,21,0
6/4/2024,22,0
6/4/2024,23,0
6/5/2024,0,0
6/5/2024,1,0
6/5/2024,2,0
6/5/2024,3,0
6/5/2024,4,0
6/5/2024,5,0
6/5/2024,6,0
6/5/2024,7,0
6/5/2024,8,0
6/5/2024,9,0
6/5/2024,11,0
6/5/2024,12,0
6/5/2024,13,0
6/5/2024,14,0
6/5/2024,15,0
6/5/2024,16,0
6/5/2024,17,0
6/5/2024,18,0
6/5/2024,19,0
6/5/2024,20,0
6/5/2024,21,0
6/5/2024,22,0
6/5/2024,23,0
6/6/2024,0,0
6/6/2024,1,0
6/6/2024,2,0
6/6/2024,3,0
6/6/2024,4,0
6/6/2024,5,0.2
6/6/2024,6,0.6
6/6/2024,7,0.8
6/6/2024,8,0
6/6/2024,9,0
6/6/2024,10,0
6/6/2024,11,0
6/6/2024,12,0
6/6/2024,13,0
6/6/2024,14,0
6/6/2024,15,0
6/6/2024,16,0
6/6/2024,17,0
6/6/2024,18,0
6/6/2024,19,0
6/6/2024,20,0
6/6/2024,21,0
6/6/2024,22,0
6/6/2024,23,0
6/7/2024,0,0
6/7/2024,1,0
6/7/2024,2,0
6/7/2024,3,0
6/7/2024,4,0
6/7/2024,5,0
6/7/2024,6,0
6/7/2024,7,0
6/7/2024,8,0
6/7/2024,9,0
6/7/2024,10,0
6/7/2024,11,0
6/7/2024,12,0
6/7/2024,13,0
6/7/2024,14,0
6/7/2024,15,0
6/7/2024,16,0
6/7/2024,17,0
6/7/2024,18,0
6/7/2024,19,0
6/7/2024,20,0
6/7/2024,21,0
6/7/2024,22,0
6/7/2024,23,0
6/8/2024,0,0
6/8/2024,1,0
6/8/2024,2,0
6/8/2024,3,0
6/8/2024,4,0
6/8/2024,5,0
6/8/2024,6,0
6/8/2024,7,0.2
6/8/2024,8,0
6/8/2024,9,0
6/8/2024,10,0
6/8/2024,11,0
6/8/2024,12,0
6/8/2024,13,0
6/8/2024,14,0
6/8/2024,15,0
6/8/2024,16,0
6/8/2024,17,0
6/8/2024,18,0
6/8/2024,19,0
6/8/2024,20,0
6/8/2024,21,0
6/8/2024,22,0
6/9/2024,12,0
6/9/2024,13,0
6/9/2024,14,0
6/9/2024,15,0
6/9/2024,16,0
6/9/2024,17,0
6/9/2024,18,0
6/9/2024,19,0
6/9/2024,20,0
6/9/2024,21,0
6/9/2024,22,0
6/9/2024,23,0
6/10/2024,0,0
6/10/2024,1,0
6/10/2024,2,0
6/10/2024,3,0
6/10/2024,4,0
6/10/2024,5,0
6/10/2024,6,0
6/10/2024,7,0
6/10/2024,8,0
6/10/2024,9,0
6/10/2024,10,0
6/10/2024,11,0
6/10/2024,12,0
6/10/2024,13,0
6/10/2024,14,0
6/10/2024,15,0
6/10/2024,16,0
6/10/2024,17,0
6/10/2024,18,0
6/10/2024,19,0
6/10/2024,20,0
6/10/2024,21,0
6/10/2024,22,0
6/10/2024,23,0
6/11/2024,0,0
6/11/2024,1,0
6/11/2024,2,0
6/11/2024,3,0
6/11/2024,4,0
6/11/2024,5,0
6/11/2024,6,0
6/11/2024,7,0
6/11/2024,8,0
6/11/2024,9,0
6/11/2024,10,0
6/11/2024,11,0
6/11/2024,12,0
6/11/2024,13,0
6/11/2024,14,0
6/11/2024,15,0
6/11/2024,16,0
6/11/2024,17,0
6/11/2024,18,0
6/11/2024,19,0
6/11/2024,20,0
6/11/2024,21,0
6/11/2024,22,0
6/11/2024,23,1.4
6/12/2024,0,0
6/12/2024,1,0
6/12/2024,2,0
6/12/2024,3,0
6/12/2024,4,0
6/12/2024,5,0
6/12/2024,6,0
6/12/2024,7,0
6/12/2024,8,0
6/12/2024,9,0
6/12/2024,10,0
6/12/2024,11,0
6/12/2024,12,0
6/12/2024,13,0
6/12/2024,14,0
6/12/2024,15,0
6/12/2024,16,0
6/12/2024,17,0
6/12/2024,18,0
6/12/2024,19,0
6/12/2024,20,0
6/12/2024,21,0
6/12/2024,22,0
6/12/2024,23,0
6/13/2024,0,0
6/13/2024,1,0
6/13/2024,2,0
6/13/2024,3,0
6/13/2024,4,0
6/13/2024,5,0
6/13/2024,6,0
6/13/2024,7,0
6/13/2024,8,0
6/13/2024,9,0
6/13/2024,10,0
6/13/2024,11,0
6/13/2024,12,0
6/13/2024,13,0
6/13/2024,14,0
6/13/2024,15,0
6/13/2024,16,0
6/13/2024,17,0
6/13/2024,18,0
6/13/2024,19,0
6/13/2024,20,0
6/13/2024,21,0
6/13/2024,22,0
6/13/2024,23,0
6/14/2024,0,0
6/14/2024,1,0
6/14/2024,2,0
6/14/2024,3,0
6/14/2024,4,0
6/14/2024,5,0
6/14/2024,6,0.2
6/14/2024,7,3.2
6/14/2024,8,0
6/14/2024,9,0
6/14/2024,10,0
6/14/2024,11,0
6/14/2024,12,0
6/14/2024,13,0
6/14/2024,14,0
6/14/2024,15,0
6/14/2024,16,0
6/14/2024,17,0
6/14/2024,18,0
6/14/2024,19,0
6/14/2024,20,0
6/14/2024,21,0
6/14/2024,22,0
6/14/2024,23,0
6/15/2024,0,0
6/15/2024,1,0
6/15/2024,2,0
6/15/2024,3,0
6/15/2024,4,0.2
6/15/2024,5,0.4
6/15/2024,6,0
6/15/2024,7,0
6/15/2024,8,0.2
6/15/2024,9,0
6/15/2024,10,0
6/15/2024,11,0
6/15/2024,12,0
6/15/2024,13,0
6/15/2024,14,0
6/15/2024,15,0
6/15/2024,16,0
6/15/2024,17,0
6/15/2024,18,0
6/15/2024,19,0
6/15/2024,20,0
6/15/2024,21,0
6/15/2024,22,0
6/15/2024,23,0
6/16/2024,0,0
6/16/2024,1,0
6/16/2024,2,0
6/16/2024,3,0
6/16/2024,4,9.8
6/16/2024,5,13.8
6/16/2024,6,2.8
6/16/2024,7,0
6/16/2024,8,0.2
6/16/2024,9,0
6/16/2024,10,0
6/16/2024,11,0
6/16/2024,12,0
6/16/2024,13,0
6/16/2024,14,0
6/16/2024,15,0
6/16/2024,16,0
6/16/2024,17,0
6/16/2024,18,0
6/16/2024,19,0
6/16/2024,20,0
6/16/2024,21,0
6/16/2024,22,0
6/16/2024,23,0
6/17/2024,0,0
6/17/2024,1,0.8
6/17/2024,2,0
6/17/2024,3,2
6/17/2024,4,13.6
6/17/2024,5,1.2
6/17/2024,6,3.8
6/17/2024,7,1
6/17/2024,8,0.4
6/17/2024,9,0
6/17/2024,10,0
6/17/2024,11,0
6/17/2024,12,0.2
6/17/2024,13,0
6/17/2024,14,0
6/17/2024,15,1.6
6/17/2024,16,0
6/17/2024,17,0
6/17/2024,18,0
6/17/2024,19,6.2
6/17/2024,20,0.4
6/17/2024,21,1
6/17/2024,22,3.4
6/17/2024,23,0
6/18/2024,0,0
6/18/2024,1,0
6/18/2024,2,0.2
6/18/2024,3,2.6
6/18/2024,4,0.2
6/18/2024,5,0
6/18/2024,6,4.6
6/18/2024,7,6.4
6/18/2024,8,0.8
6/18/2024,9,0.6
6/18/2024,10,0
6/18/2024,11,0
6/18/2024,12,0
6/18/2024,13,0
6/18/2024,14,0
6/18/2024,15,0
6/18/2024,16,0
6/18/2024,17,0
6/18/2024,18,0
6/18/2024,19,17.6
6/18/2024,20,20.8
6/18/2024,21,1.2
6/18/2024,22,0
6/18/2024,23,0
6/19/2024,0,0.6
6/19/2024,1,0
6/19/2024,2,3.2
6/19/2024,3,14
6/19/2024,4,0
6/19/2024,5,0
6/19/2024,6,1.2
6/19/2024,7,0.2
6/19/2024,8,0
6/19/2024,9,0
6/19/2024,10,0
6/19/2024,11,0
6/19/2024,12,0
6/19/2024,13,0
6/19/2024,14,0
6/19/2024,15,0
6/19/2024,16,0
6/19/2024,17,0
6/19/2024,18,0
6/19/2024,19,0
6/19/2024,20,0
6/19/2024,21,0
6/19/2024,22,0
6/19/2024,23,0
6/20/2024,0,1.4
6/20/2024,1,6.8
6/20/2024,2,5
6/20/2024,3,3.2
6/20/2024,4,0.2
6/20/2024,5,0
6/20/2024,6,0
6/20/2024,7,0
6/20/2024,8,0.2
6/20/2024,9,0.8
6/20/2024,10,0
6/20/2024,11,0
6/20/2024,12,0
6/20/2024,13,0
6/20/2024,14,0
6/20/2024,15,0
6/20/2024,16,0
6/20/2024,18,0
6/20/2024,19,0
6/20/2024,20,0
6/20/2024,21,0
6/20/2024,22,0
6/20/2024,23,0
6/21/2024,0,0
6/21/2024,1,0
6/21/2024,2,0
6/21/2024,3,0
6/21/2024,4,0
6/21/2024,5,0
6/21/2024,6,0
6/21/2024,7,0.8
6/21/2024,8,0.2
6/21/2024,9,0
6/21/2024,10,0
6/21/2024,11,0
6/21/2024,12,0
6/21/2024,13,0
6/21/2024,14,0
6/21/2024,15,0
6/21/2024,16,0
6/21/2024,17,0
6/21/2024,18,0
6/21/2024,19,0
6/21/2024,20,0
6/21/2024,21,0
6/21/2024,22,0
6/21/2024,23,0
6/22/2024,0,0
6/22/2024,1,0
6/22/2024,2,0
6/22/2024,3,0
6/22/2024,4,0
6/22/2024,5,1.8
6/22/2024,6,7.2
6/22/2024,7,0.8
6/22/2024,8,0
6/22/2024,9,0
6/22/2024,10,0
6/22/2024,11,0
6/22/2024,12,0
6/22/2024,13,0
6/22/2024,14,0
6/22/2024,15,0
6/22/2024,16,0
6/22/2024,17,0
6/22/2024,18,0
6/22/2024,19,0
6/22/2024,20,0
6/22/2024,21,0
6/22/2024,22,0
6/22/2024,23,0
6/23/2024,0,0
6/23/2024,1,0
6/23/2024,2,0
6/23/2024,3,0
6/23/2024,4,0
6/23/2024,5,0.2
6/23/2024,6,0
6/23/2024,7,0
6/23/2024,8,0
6/23/2024,9,0
6/23/2024,10,0
6/23/2024,11,0
6/23/2024,12,0
6/23/2024,13,0
6/23/2024,14,0
6/23/2024,15,0
6/23/2024,16,0
6/23/2024,17,0
6/23/2024,19,0.4
6/23/2024,20,0
6/23/2024,21,0
6/23/2024,22,5.6
6/23/2024,23,6
6/24/2024,0,11.8
6/24/2024,1,0.2
6/24/2024,2,0.2
6/24/2024,3,0
6/24/2024,4,0
6/24/2024,5,0
6/24/2024,6,0
6/24/2024,7,0
6/24/2024,8,0
6/24/2024,9,0
6/24/2024,10,0
6/24/2024,11,0
6/24/2024,13,0
6/24/2024,14,0
6/24/2024,15,0
6/24/2024,16,0
6/24/2024,17,0
6/24/2024,18,0
6/24/2024,19,0
6/24/2024,20,0
6/24/2024,21,0
6/24/2024,22,0
6/24/2024,23,0
6/25/2024,0,0
6/25/2024,1,0
6/25/2024,2,0
6/25/2024,3,0
6/25/2024,4,0
6/25/2024,5,0
6/25/2024,6,0
6/25/2024,7,0
6/25/2024,8,0
6/25/2024,9,0
6/25/2024,10,0
6/25/2024,11,0
6/25/2024,12,0
6/25/2024,13,0
6/25/2024,14,0
6/25/2024,15,0
6/25/2024,16,0
6/25/2024,17,0
6/25/2024,18,0
6/25/2024,19,0.2
6/25/2024,20,0
6/25/2024,21,0
6/25/2024,22,0
6/25/2024,23,0
6/26/2024,0,0
6/26/2024,1,0
6/26/2024,2,0
6/26/2024,3,0
6/26/2024,4,0.4
6/26/2024,5,2
6/26/2024,6,6.6
6/26/2024,7,4
6/26/2024,8,0.4
6/26/2024,9,0
6/26/2024,10,0
6/26/2024,11,0
6/26/2024,12,0
6/26/2024,13,5.4
6/26/2024,14,3.6
6/26/2024,15,0
6/26/2024,16,0
6/26/2024,17,6.4
6/26/2024,18,13.2
6/26/2024,19,0.4
6/26/2024,20,0
6/26/2024,21,0
6/26/2024,22,0
6/26/2024,23,0
6/27/2024,0,0
6/27/2024,1,0
6/27/2024,2,0
6/27/2024,3,0
6/27/2024,4,0
6/27/2024,5,0.2
6/27/2024,6,0
6/27/2024,7,0
6/27/2024,8,0
6/27/2024,9,0
6/27/2024,10,0
6/27/2024,11,0
6/27/2024,12,0
6/27/2024,13,0
6/27/2024,14,0
6/27/2024,15,3
6/27/2024,16,0
6/27/2024,17,0
6/27/2024,18,0.2
6/27/2024,19,2.6
6/27/2024,20,0
6/27/2024,21,0
6/27/2024,22,0
6/27/2024,23,0
6/28/2024,0,0
6/28/2024,1,0
6/28/2024,2,0
6/28/2024,3,0
6/28/2024,4,5
6/28/2024,5,6
6/28/2024,6,4.4
6/28/2024,7,0.2
6/28/2024,8,0
6/28/2024,9,0
6/28/2024,10,0
6/28/2024,11,0
6/28/2024,12,0
6/28/2024,13,0
6/28/2024,14,0
6/28/2024,15,0
6/28/2024,16,0
6/28/2024,17,0
6/28/2024,18,0
6/28/2024,19,0
6/28/2024,20,0
6/28/2024,21,0
6/28/2024,22,0
6/28/2024,23,0
6/29/2024,0,3
6/29/2024,1,0.6
6/29/2024,2,1.4
6/29/2024,3,1.8
6/29/2024,4,2.8
6/29/2024,5,8.2
6/29/2024,6,4.8
6/29/2024,7,0.8
6/29/2024,8,0
6/29/2024,9,0
6/29/2024,10,0
6/29/2024,11,0
6/29/2024,12,0
6/29/2024,13,0
6/29/2024,14,0
6/29/2024,15,1.4
6/29/2024,16,0
6/29/2024,17,0
6/29/2024,18,0
6/29/2024,19,0
6/29/2024,20,0
6/29/2024,21,0
6/29/2024,22,0
6/29/2024,23,0
6/30/2024,0,0
6/30/2024,1,0
6/30/2024,2,1
6/30/2024,3,5.2
6/30/2024,4,6
6/30/2024,5,0.2
6/30/2024,6,0
6/30/2024,7,0
6/30/2024,8,0
6/30/2024,9,0
6/30/2024,10,0
6/30/2024,11,0
6/30/2024,12,0
6/30/2024,13,0
6/30/2024,14,0
6/30/2024,15,0
6/30/2024,16,0
6/30/2024,17,0.6
6/30/2024,18,0.6
6/30/2024,19,13.8
6/30/2024,20,9.4
6/30/2024,21,1.8
6/30/2024,22,0.2
6/30/2024,23,0
7/1/2024,0,0
7/1/2024,1,0
7/1/2024,2,1.2
7/1/2024,3,27.2
7/1/2024,4,6.8
7/1/2024,5,1.6
7/1/2024,6,2.6
7/1/2024,7,0
7/1/2024,8,0
7/1/2024,9,0
7/1/2024,10,0
7/1/2024,11,0
7/1/2024,12,0
7/1/2024,13,0
7/1/2024,14,0
7/1/2024,15,0
7/1/2024,16,0
7/1/2024,17,0
7/1/2024,18,0.8
7/1/2024,19,0
7/1/2024,20,12.2
7/1/2024,21,9.6
7/1/2024,22,2.8
7/1/2024,23,0.4
7/2/2024,0,2.2
7/2/2024,1,2.8
7/2/2024,2,0
7/2/2024,3,0.2
7/2/2024,4,0
7/2/2024,5,0
7/2/2024,6,0
7/2/2024,7,0
7/2/2024,8,1.2
7/2/2024,9,4.4
7/2/2024,10,1.4
7/2/2024,11,0.8
7/2/2024,12,1
7/2/2024,13,1.4
7/2/2024,14,0.6
7/2/2024,15,0
7/2/2024,16,20.6
7/2/2024,17,3
7/2/2024,18,0.6
7/2/2024,19,0
7/2/2024,20,3.8
7/2/2024,21,0.6
7/2/2024,22,1.2
7/2/2024,23,1.4
7/3/2024,0,0
7/3/2024,1,0
7/3/2024,2,0
7/3/2024,3,0
7/3/2024,4,0
7/3/2024,5,0
7/3/2024,6,0
7/3/2024,7,0
7/3/2024,8,0
7/3/2024,9,0
7/3/2024,10,0
7/3/2024,11,0
7/3/2024,12,0
7/3/2024,13,0
7/3/2024,14,0
7/3/2024,15,0
7/3/2024,16,0
7/3/2024,17,1.6
7/3/2024,18,0.8
7/3/2024,19,0
7/3/2024,20,0
7/3/2024,21,0
7/3/2024,22,1.8
7/3/2024,23,0.6
7/4/2024,0,0
7/4/2024,1,0
7/4/2024,2,0
7/4/2024,3,0
7/4/2024,4,0
7/4/2024,5,0
7/4/2024,6,0
7/4/2024,7,0
7/4/2024,8,0.2
7/4/2024,9,0
7/4/2024,10,0.8
7/4/2024,11,0.8
7/4/2024,12,0
7/4/2024,13,1.2
7/4/2024,14,12.6
7/4/2024,15,1
7/4/2024,16,0
7/4/2024,17,0
7/4/2024,18,0
7/4/2024,19,0
7/4/2024,20,0
7/4/2024,21,0
7/4/2024,22,0
7/4/2024,23,0
7/5/2024,0,0
7/5/2024,1,0
7/5/2024,2,0
7/5/2024,3,0
7/5/2024,4,0
7/5/2024,5,0
7/5/2024,6,0
7/5/2024,7,0
7/5/2024,8,0
7/5/2024,9,0
7/5/2024,10,0
7/5/2024,11,0
7/5/2024,12,0
7/5/2024,13,0
7/5/2024,14,0
7/5/2024,15,0
7/5/2024,16,0
7/5/2024,17,0
7/5/2024,18,0
7/5/2024,19,1.6
7/5/2024,20,2.8
7/5/2024,21,1
7/5/2024,22,0
7/5/2024,23,0
7/6/2024,0,0
7/6/2024,1,0
7/6/2024,2,0
7/6/2024,3,5.4
7/6/2024,4,10.6
7/6/2024,5,10.6
7/6/2024,6,2
7/6/2024,7,0.8
7/6/2024,8,0.4
7/6/2024,9,3.6
7/6/2024,10,10.6
7/6/2024,11,12.2
7/6/2024,12,6
7/6/2024,13,11.6
7/6/2024,14,12.6
7/6/2024,15,9.8
7/6/2024,16,16.8
7/6/2024,17,6
7/6/2024,18,4
7/6/2024,19,1.6
7/6/2024,20,2.8
7/6/2024,21,0.2
7/6/2024,22,0
7/6/2024,23,3.6
7/7/2024,0,2
7/7/2024,1,0
7/7/2024,2,0
7/7/2024,3,0.6
7/7/2024,4,1
7/7/2024,5,0
7/7/2024,6,0
7/7/2024,7,0.4
7/7/2024,8,1.8
7/7/2024,9,0.2
7/7/2024,10,0.4
7/7/2024,11,0
7/7/2024,12,0
7/7/2024,13,3.2
7/7/2024,14,3.8
7/7/2024,15,0.2
7/7/2024,16,1.4
7/7/2024,17,4
7/7/2024,18,0.4
7/7/2024,19,0
7/7/2024,20,0
7/7/2024,21,0
7/7/2024,22,0
7/7/2024,23,0
7/8/2024,0,0
7/8/2024,1,0
7/8/2024,2,0
7/8/2024,3,0
7/8/2024,4,0
7/8/2024,5,0.2
7/8/2024,6,0
7/8/2024,7,0
7/8/2024,8,0
7/8/2024,9,3
7/8/2024,10,0.2
7/8/2024,11,0.2
7/8/2024,12,0.2
7/8/2024,13,0
7/8/2024,14,1.2
7/8/2024,15,0
7/8/2024,16,5.2
7/8/2024,17,0
7/8/2024,18,0
7/8/2024,19,0
7/8/2024,20,0
7/8/2024,21,0.2
7/8/2024,22,0
7/8/2024,23,0
7/9/2024,0,0
7/9/2024,1,0
7/9/2024,2,0
7/9/2024,3,0
7/9/2024,4,0
7/9/2024,5,0.2
7/9/2024,6,0.6
7/9/2024,7,0
7/9/2024,8,0
7/9/2024,9,1
7/9/2024,10,0
7/9/2024,11,0
7/9/2024,12,0
7/9/2024,13,0
7/9/2024,14,0
7/9/2024,15,4.8
7/9/2024,16,0
7/9/2024,17,33
7/9/2024,18,6.6
7/9/2024,19,0.2
7/9/2024,20,0
7/9/2024,21,0
7/9/2024,22,0
7/9/2024,23,0.8
7/10/2024,0,10.4
7/10/2024,1,10.4
7/10/2024,2,5.6
7/10/2024,3,3
7/10/2024,4,8.2
7/10/2024,5,5.4
7/10/2024,6,2.2
7/10/2024,7,2.4
7/10/2024,8,6.2
7/10/2024,9,1.8
7/10/2024,10,5.2
7/10/2024,11,1.8
7/10/2024,12,0
7/10/2024,13,0
7/10/2024,14,0.2
7/10/2024,15,2.4
7/10/2024,16,9.2
7/10/2024,17,0.2
7/10/2024,18,0
7/10/2024,19,0
7/10/2024,20,0
7/10/2024,21,0
7/10/2024,22,0
7/10/2024,23,0
7/11/2024,0,0.8
7/11/2024,1,3.6
7/11/2024,2,0
7/11/2024,3,0
7/11/2024,4,0
7/11/2024,5,0.6
7/11/2024,6,2
7/11/2024,7,1.8
7/11/2024,8,2.4
7/11/2024,9,1.4
7/11/2024,10,0
7/11/2024,11,0
7/11/2024,12,4.2
7/11/2024,13,1.8
7/11/2024,14,4.8
7/11/2024,16,0.6
7/11/2024,17,0.2
7/11/2024,18,0
7/11/2024,19,0
7/11/2024,20,0
7/11/2024,21,0
7/11/2024,22,0
7/11/2024,23,0
7/12/2024,0,0.8
7/12/2024,1,0.2
7/12/2024,3,0
7/12/2024,4,0
7/12/2024,5,3.4
7/12/2024,6,1
7/12/2024,7,0.4
7/12/2024,8,2.4
7/12/2024,9,4.4
7/12/2024,10,3.6
7/12/2024,11,1
7/12/2024,12,2
7/12/2024,13,0.4
7/12/2024,14,0
7/12/2024,15,0
7/12/2024,16,0
7/12/2024,17,0
7/12/2024,18,0
7/12/2024,19,0
7/12/2024,20,0
7/12/2024,21,0
7/12/2024,22,0
7/13/2024,0,0.2
7/13/2024,1,0
7/13/2024,2,0.2
7/13/2024,3,0.8
7/13/2024,4,0.4
7/13/2024,5,0
7/13/2024,6,0
7/13/2024,7,0
7/13/2024,8,0
7/13/2024,10,0
7/13/2024,11,0
7/13/2024,12,0
7/13/2024,15,0
7/13/2024,16,0
7/13/2024,17,0
7/13/2024,18,0
7/13/2024,19,0
7/13/2024,20,0
7/13/2024,21,0
7/13/2024,22,0
7/13/2024,23,0
7/14/2024,0,0
7/14/2024,1,0
7/14/2024,2,2.4
7/14/2024,3,12.4
7/14/2024,4,0.2
7/14/2024,5,1
7/14/2024,6,0.2
7/14/2024,7,0
7/14/2024,8,0
7/14/2024,9,1.2
7/14/2024,10,0.8
7/14/2024,11,0
7/14/2024,12,0
7/14/2024,13,0
7/14/2024,14,0
7/14/2024,15,0
7/14/2024,16,0
7/14/2024,17,0
7/14/2024,18,0
7/14/2024,19,0
7/14/2024,20,0
7/14/2024,21,0
7/14/2024,22,0
7/14/2024,23,0
7/15/2024,0,0
7/15/2024,1,0
7/15/2024,2,0
7/15/2024,3,0
7/15/2024,4,0
7/15/2024,5,0
7/15/2024,6,0
7/15/2024,7,0
7/15/2024,8,0
7/15/2024,9,0
7/15/2024,10,0
7/15/2024,11,0
7/15/2024,12,0
7/15/2024,13,0
7/15/2024,14,0
7/15/2024,15,0
7/15/2024,16,0
7/15/2024,17,0
7/15/2024,18,0
7/15/2024,19,0
7/15/2024,20,0
7/15/2024,21,0
7/15/2024,22,0
7/15/2024,23,-
7/16/2024,0,-
7/16/2024,1,-
7/16/2024,2,-
7/16/2024,3,-
7/16/2024,4,-
7/16/2024,5,-
7/16/2024,6,-
7/16/2024,7,-
7/24/2024,10,0
7/24/2024,11,0
7/24/2024,12,0.6
7/24/2024,13,0.4
7/24/2024,15,0
7/24/2024,15,0
7/24/2024,16,0
7/24/2024,17,0
7/24/2024,18,0
7/24/2024,20,0
7/24/2024,21,0
7/24/2024,22,0
7/24/2024,23,0
7/25/2024,0,0
7/25/2024,1,0.2
7/25/2024,2,0.2
7/25/2024,3,0
7/25/2024,4,0
7/25/2024,5,0
7/25/2024,6,0
7/25/2024,7,1.8
7/25/2024,8,1.6
7/25/2024,9,1.4
7/25/2024,10,1.4
7/25/2024,11,1.4
7/25/2024,12,0.6
7/25/2024,13,0.2
7/25/2024,14,0.2
7/25/2024,16,0
7/25/2024,17,0
7/25/2024,18,0
7/25/2024,19,-
7/25/2024,21,-
7/25/2024,22,-
7/25/2024,23,-
7/26/2024,0,-
7/26/2024,1,-
7/26/2024,2,-
7/26/2024,3,-
7/26/2024,4,-
7/26/2024,5,-
7/26/2024,6,-
7/26/2024,7,-
7/27/2024,15,0
7/27/2024,16,0
7/27/2024,17,0
7/27/2024,18,0
7/27/2024,19,0
7/27/2024,20,0
7/27/2024,21,0
7/27/2024,22,0
7/27/2024,23,0
7/28/2024,0,0
7/28/2024,1,4.4
7/28/2024,2,3.2
7/28/2024,3,9.6
7/28/2024,4,4.4
7/28/2024,5,5.2
7/28/2024,6,3.2
7/28/2024,7,0.4
7/28/2024,8,0.4
7/28/2024,9,0.2
7/28/2024,10,0
7/28/2024,11,0
7/28/2024,12,0
7/28/2024,13,0
7/28/2024,14,0
7/28/2024,15,0
7/28/2024,16,0
7/28/2024,17,0
7/28/2024,18,0
7/28/2024,19,0
7/28/2024,20,0
7/28/2024,21,0
7/28/2024,22,0
7/28/2024,23,0
7/29/2024,0,0
7/29/2024,1,0.2
7/29/2024,2,0
7/29/2024,3,7.2
7/29/2024,4,13.6
7/29/2024,5,1.8
7/29/2024,6,0
7/29/2024,7,0
7/29/2024,8,0
7/29/2024,9,0
7/29/2024,10,0
7/29/2024,11,0
7/29/2024,12,0
7/29/2024,13,0
7/29/2024,14,0
7/29/2024,15,0
7/29/2024,16,0
7/29/2024,17,0
7/29/2024,18,0
7/29/2024,19,0
7/29/2024,20,2.2
7/29/2024,21,0
7/29/2024,22,0
7/29/2024,23,0
7/30/2024,0,0
7/30/2024,1,0
7/30/2024,2,0
7/30/2024,3,0
7/30/2024,4,0
7/30/2024,5,0
7/30/2024,6,0
7/30/2024,7,0
7/30/2024,8,0
7/30/2024,9,0
7/30/2024,10,0
7/30/2024,11,0
7/30/2024,12,0
7/30/2024,13,0
7/30/2024,14,0.2
7/30/2024,15,0
7/30/2024,16,0
7/30/2024,17,0
7/30/2024,18,0
7/30/2024,19,0
7/30/2024,20,0
7/30/2024,21,0
7/30/2024,22,2.2
7/31/2024,19,0
7/31/2024,20,0
7/31/2024,21,0
7/31/2024,22,0
7/31/2024,23,0
8/1/2024,0,0
8/1/2024,1,2.2
8/1/2024,2,2.8
8/1/2024,3,0
8/1/2024,4,0.2
8/1/2024,5,0
8/1/2024,6,0
8/1/2024,7,0
8/1/2024,8,0
8/1/2024,9,0
8/1/2024,10,0
8/1/2024,11,0
8/1/2024,12,0
8/1/2024,13,0
8/1/2024,14,0
8/1/2024,15,8.6
8/1/2024,16,0
8/1/2024,17,0
8/1/2024,18,0.4
8/1/2024,19,0
8/1/2024,20,0
8/1/2024,21,0
8/1/2024,22,0
8/1/2024,23,0
8/2/2024,0,0
8/2/2024,1,0
8/2/2024,2,1.4
8/2/2024,3,1.8
8/2/2024,4,0.4
8/2/2024,5,0.2
8/2/2024,6,0
8/2/2024,7,0
8/2/2024,8,0
8/2/2024,9,0
8/2/2024,10,0
8/2/2024,11,0
8/2/2024,12,0
8/2/2024,13,0
8/2/2024,14,0
8/2/2024,15,0
8/2/2024,16,0
8/2/2024,17,3
8/2/2024,18,0
8/2/2024,19,0
8/2/2024,20,0
8/2/2024,21,0.2
8/2/2024,22,3.2
8/2/2024,23,6.4
8/3/2024,0,3.8
8/3/2024,1,1
8/3/2024,2,0.2
8/3/2024,3,0
8/3/2024,4,0
8/3/2024,5,0
8/3/2024,6,0
8/3/2024,7,0
8/3/2024,8,0
8/3/2024,9,0
8/3/2024,11,0
8/3/2024,12,0
8/3/2024,13,0
8/3/2024,14,0
8/3/2024,16,0
8/3/2024,17,0
8/3/2024,18,0
8/3/2024,19,0
8/3/2024,20,0
8/3/2024,21,0
8/3/2024,22,0.2
8/3/2024,23,0
8/4/2024,0,0
8/4/2024,1,0
8/4/2024,2,0
8/4/2024,3,0
8/4/2024,4,0
8/4/2024,5,0
8/4/2024,6,0
8/4/2024,7,0
8/4/2024,8,0
8/4/2024,9,0
8/4/2024,10,0
8/4/2024,11,0
8/4/2024,12,0
8/4/2024,13,0
8/4/2024,14,0
8/4/2024,15,0
8/4/2024,16,0
8/4/2024,17,0
8/4/2024,18,0
8/4/2024,19,0
8/4/2024,20,0
8/4/2024,21,0
8/4/2024,22,0
8/4/2024,23,0
8/5/2024,0,0
8/5/2024,1,0
8/5/2024,2,0
8/5/2024,3,0
8/5/2024,4,0
8/5/2024,5,0
8/5/2024,6,0
8/5/2024,7,0
8/5/2024,8,0
8/5/2024,9,0
8/5/2024,10,0
8/5/2024,11,0
8/5/2024,12,0
8/5/2024,13,0
8/5/2024,14,0
8/5/2024,15,0
8/5/2024,16,0
8/5/2024,17,0
8/5/2024,18,0
8/5/2024,19,0
8/5/2024,20,0.2
8/5/2024,21,0.2
8/5/2024,22,0
8/5/2024,23,0
8/6/2024,0,0
8/6/2024,1,0
8/6/2024,2,0
8/6/2024,3,0
8/6/2024,4,1.6
8/6/2024,5,0.2
8/6/2024,6,1.4
8/6/2024,7,7.4
8/6/2024,8,6.8
8/6/2024,9,2.8
8/6/2024,10,9.6
8/6/2024,11,9.4
8/6/2024,12,3.4
8/6/2024,13,1.2
8/6/2024,14,0.4
8/6/2024,15,0
8/6/2024,16,0
8/6/2024,17,0
8/6/2024,18,0
8/6/2024,19,0
8/6/2024,20,0
8/6/2024,21,0
8/6/2024,22,0
8/6/2024,23,0
8/7/2024,0,0
8/7/2024,1,0
8/7/2024,2,0
8/7/2024,3,16.8
8/7/2024,4,0.2
8/7/2024,5,0.2
8/7/2024,6,0
8/7/2024,7,0
8/7/2024,8,0
8/7/2024,9,0
8/7/2024,10,0
8/7/2024,11,0.2
8/7/2024,12,0
8/7/2024,13,0
8/7/2024,14,0
8/7/2024,15,0
8/7/2024,16,0
8/7/2024,17,0
8/7/2024,18,0
8/7/2024,19,0
8/7/2024,20,0
8/7/2024,21,34.2
8/7/2024,22,1.4
8/7/2024,23,0.2
8/8/2024,0,0
8/8/2024,1,0.6
8/8/2024,2,0.4
8/8/2024,3,0.8
8/8/2024,4,0
8/8/2024,5,0.8
8/8/2024,6,0
8/8/2024,7,0
8/8/2024,8,0
8/8/2024,9,0
8/8/2024,10,0
8/8/2024,11,0
8/8/2024,13,0
8/8/2024,14,0
8/8/2024,15,0
8/8/2024,16,0
8/8/2024,17,0
8/8/2024,18,0
8/8/2024,19,0
8/8/2024,20,3.8
8/8/2024,21,0
8/8/2024,22,0.2
8/8/2024,23,0
8/9/2024,0,0
8/9/2024,1,0.2
8/9/2024,2,1.4
8/9/2024,3,3.2
8/9/2024,4,3.4
8/9/2024,5,1.6
8/9/2024,6,0.2
8/9/2024,7,0
8/9/2024,8,0
8/9/2024,9,0
8/9/2024,10,0
8/9/2024,11,0
8/9/2024,12,0
8/9/2024,13,0
8/9/2024,14,0
8/9/2024,15,0.2
8/9/2024,16,25.2
8/9/2024,17,4
8/9/2024,18,0.2
8/9/2024,19,1.4
8/9/2024,20,0.2
8/9/2024,21,1.8
8/9/2024,22,0.2
8/9/2024,23,1.6
8/10/2024,0,1.2
8/10/2024,1,3.4
8/10/2024,2,3.4
8/10/2024,3,1.2
8/10/2024,4,2.4
8/10/2024,5,0.2
8/10/2024,6,0
8/10/2024,7,0
8/10/2024,8,0
8/10/2024,9,0.2
8/10/2024,10,0
8/10/2024,11,0
8/10/2024,12,0
8/10/2024,13,0
8/10/2024,14,2.2
8/10/2024,15,11.6
8/10/2024,16,0
8/10/2024,17,0
8/10/2024,18,0
8/10/2024,19,0
8/10/2024,20,0
8/10/2024,21,0
8/10/2024,22,0.2
8/10/2024,23,0
8/11/2024,0,0
8/11/2024,1,0
8/11/2024,2,0.4
8/11/2024,3,17.6
8/11/2024,4,10.4
8/11/2024,5,6.2
8/11/2024,6,5.2
8/11/2024,7,3.4
8/11/2024,8,2.8
8/11/2024,9,0.2
8/11/2024,10,0
8/11/2024,11,0
8/11/2024,12,0
8/11/2024,13,3.2
8/11/2024,14,0
8/11/2024,15,0
8/11/2024,16,3.8
8/11/2024,17,20.6
8/11/2024,18,1
8/11/2024,19,0
8/11/2024,20,0
8/11/2024,21,0
8/11/2024,22,0
8/11/2024,23,0
8/12/2024,0,0
8/12/2024,1,0
8/12/2024,2,4.4
8/12/2024,3,2.4
8/12/2024,4,0
8/12/2024,5,0
8/12/2024,6,0
8/12/2024,7,0
8/12/2024,8,0
8/12/2024,9,0
8/12/2024,10,0.2
8/12/2024,11,0
8/12/2024,12,0
8/12/2024,13,0
8/12/2024,14,0
8/12/2024,15,0
8/12/2024,16,0
8/12/2024,17,3.6
8/12/2024,18,0
8/12/2024,19,0.2
8/12/2024,20,0
8/12/2024,21,0.6
8/12/2024,22,6.4
8/12/2024,23,0.6
8/13/2024,0,0
8/13/2024,1,14.8
8/13/2024,2,1.2
8/13/2024,3,0.2
8/13/2024,4,0
8/13/2024,5,0
8/13/2024,6,0
8/13/2024,7,0
8/13/2024,8,0
8/13/2024,9,0
8/13/2024,10,0
8/13/2024,11,0
8/13/2024,12,0
8/13/2024,13,0
8/13/2024,14,0
8/13/2024,15,0
8/13/2024,16,0
8/13/2024,17,4
8/13/2024,18,2.6
8/13/2024,19,0.6
8/13/2024,20,0.6
8/13/2024,21,0
8/13/2024,22,0
8/13/2024,23,1.6
8/14/2024,0,0.2
8/14/2024,1,0.6
8/14/2024,2,4.2
8/14/2024,3,15.8
8/14/2024,4,16.4
8/14/2024,5,9.6
8/14/2024,6,1.6
8/14/2024,7,0.6
8/14/2024,8,0
8/14/2024,9,0
8/14/2024,10,0
8/14/2024,11,0
8/14/2024,12,0
8/14/2024,13,0
8/14/2024,14,0
8/14/2024,15,0
8/14/2024,16,0
8/14/2024,17,0
8/14/2024,18,0
8/14/2024,19,0
8/14/2024,20,0
8/14/2024,21,0
8/14/2024,22,0
8/14/2024,23,0
8/15/2024,0,0
8/15/2024,1,0
8/15/2024,2,0
8/15/2024,3,1.2
8/15/2024,4,0.2
8/15/2024,5,0
8/15/2024,6,0
8/15/2024,7,0
8/15/2024,8,0.2
8/15/2024,9,0
8/15/2024,10,0
8/15/2024,11,0
8/15/2024,12,0
8/15/2024,13,0
8/15/2024,14,0
8/15/2024,15,0
8/15/2024,16,0
8/15/2024,17,0
8/15/2024,18,0.2
8/15/2024,19,1
8/15/2024,20,0.2
8/15/2024,21,12.6
8/15/2024,22,2.6
8/15/2024,23,2.6
8/16/2024,0,0.4
8/16/2024,1,0.6
8/16/2024,2,1
8/16/2024,3,0
8/16/2024,4,0
8/16/2024,5,0
8/16/2024,6,0
8/16/2024,7,0
8/16/2024,8,0
8/16/2024,9,0
8/16/2024,10,0
8/16/2024,11,0
8/16/2024,12,0
8/16/2024,13,0
8/16/2024,14,0
8/16/2024,15,0
8/16/2024,16,0
8/16/2024,17,0
8/16/2024,18,0
8/16/2024,19,0
8/16/2024,20,0
8/16/2024,21,0
8/16/2024,22,0
8/16/2024,23,0
8/17/2024,0,2.2
8/17/2024,1,0.2
8/17/2024,2,0
8/17/2024,3,7.8
8/17/2024,4,12.8
8/17/2024,5,1.8
8/17/2024,6,0.2
8/17/2024,7,0
8/17/2024,8,0
8/17/2024,9,0
8/17/2024,10,0
8/17/2024,11,0
8/17/2024,12,0
8/17/2024,13,0
8/17/2024,14,0
8/17/2024,15,0
8/17/2024,16,0
8/17/2024,17,0
8/17/2024,18,0
8/17/2024,19,0
8/17/2024,20,0
8/17/2024,21,0
8/17/2024,22,0
8/17/2024,23,0
8/18/2024,0,0
8/18/2024,1,0
8/18/2024,2,2.8
8/18/2024,3,10.2
8/18/2024,4,6.4
8/18/2024,5,4.6
8/18/2024,6,0.6
8/18/2024,7,0.4
8/18/2024,8,0.2
8/18/2024,9,0
8/18/2024,10,0
8/18/2024,11,0
8/18/2024,12,0
8/18/2024,13,0
8/18/2024,14,0
8/18/2024,15,0
8/18/2024,16,0
8/18/2024,17,0
8/18/2024,18,10.8
8/18/2024,19,0.2
8/18/2024,20,0
8/18/2024,21,0
8/18/2024,22,0
8/18/2024,23,0
8/19/2024,0,0
8/19/2024,1,1
8/19/2024,2,3.4
8/19/2024,3,1.4
8/19/2024,4,1
8/19/2024,5,0
8/19/2024,6,0.2
8/19/2024,7,0
8/19/2024,8,0
8/19/2024,9,0
8/19/2024,10,0
8/19/2024,11,0.8
8/19/2024,12,0
8/19/2024,13,0
8/19/2024,14,0
8/19/2024,15,0
8/19/2024,16,1
8/19/2024,17,1.4
8/19/2024,18,0.4
8/19/2024,19,0
8/19/2024,20,0
8/19/2024,21,17.6
8/19/2024,22,0
8/19/2024,23,0
8/20/2024,0,0
8/20/2024,1,0.2
8/20/2024,2,6.6
8/20/2024,3,10.2
8/20/2024,4,2
8/20/2024,5,4.2
8/20/2024,6,1
8/20/2024,7,0.8
8/20/2024,8,0.8
8/20/2024,9,0
8/20/2024,10,0
8/20/2024,11,0.4
8/20/2024,12,3.2
8/20/2024,13,4.8
8/20/2024,14,5.8
8/20/2024,15,0
8/20/2024,16,0
8/20/2024,17,0
8/20/2024,18,0
8/20/2024,19,0
8/20/2024,20,0
8/20/2024,21,0
8/20/2024,22,0
8/20/2024,23,0
8/21/2024,0,0
8/21/2024,1,0
8/21/2024,2,0
8/21/2024,3,0
8/21/2024,4,0.2
8/21/2024,5,0.2
8/21/2024,6,0
8/21/2024,7,9.6
8/21/2024,8,3
8/21/2024,9,4.6
8/21/2024,10,13.6
8/21/2024,11,8
8/21/2024,12,3.2
8/21/2024,13,2.6
8/21/2024,14,1.6
8/21/2024,15,1.6
8/21/2024,16,0
8/21/2024,17,0
8/21/2024,18,2.8
8/21/2024,19,0
8/21/2024,20,2.2
8/21/2024,21,0.4
8/21/2024,22,0
8/21/2024,23,0
8/22/2024,0,0.2
8/22/2024,1,0
8/22/2024,2,1
8/22/2024,3,2.6
8/22/2024,4,3.2
8/22/2024,5,2.4
8/22/2024,6,1.4
8/22/2024,7,0.2
8/22/2024,8,0.4
8/22/2024,9,0
8/22/2024,10,0
8/22/2024,11,0
8/22/2024,12,0
8/22/2024,13,0.4
8/22/2024,14,0.2
8/22/2024,15,0.2
8/22/2024,16,6.6
8/22/2024,17,0.2
8/22/2024,18,0
8/22/2024,19,0
8/22/2024,20,0
8/22/2024,21,4
8/22/2024,22,1.2
8/22/2024,23,0.4
8/23/2024,0,0
8/23/2024,1,0
8/23/2024,2,0
8/23/2024,3,0
8/23/2024,4,0
8/23/2024,5,0
8/23/2024,6,0
8/23/2024,7,0
8/23/2024,8,0
8/23/2024,9,0.2
8/23/2024,10,0.4
8/23/2024,11,3.2
8/23/2024,12,7
8/23/2024,13,0
8/23/2024,14,0
8/23/2024,15,0
8/23/2024,16,0
8/23/2024,17,0
8/23/2024,18,11.8
8/23/2024,19,0.6
8/23/2024,20,0
8/23/2024,21,0
8/23/2024,22,0
8/23/2024,23,0
8/24/2024,0,0
8/24/2024,1,0
8/24/2024,2,0
8/24/2024,3,0
8/24/2024,4,0
8/24/2024,5,0
8/24/2024,6,0
8/24/2024,7,0
8/24/2024,8,0
8/24/2024,9,0
8/24/2024,10,0
8/24/2024,11,0
8/24/2024,12,0
8/24/2024,13,0
8/24/2024,14,0
8/24/2024,15,0
8/24/2024,16,0
8/24/2024,17,0
8/24/2024,18,0
8/24/2024,19,2.4
8/24/2024,20,0.4
8/24/2024,21,0
8/24/2024,22,0
8/24/2024,23,1.2
8/25/2024,0,4.4
8/25/2024,1,3.2
8/25/2024,2,1.6
8/25/2024,3,1.4
8/25/2024,4,0.4
8/25/2024,5,0.2
8/25/2024,6,0
8/25/2024,7,0.2
8/25/2024,8,0
8/25/2024,9,0
8/25/2024,10,0
8/25/2024,11,0
8/25/2024,12,0
8/25/2024,13,0
8/25/2024,14,0
8/25/2024,15,0
8/25/2024,16,0
8/25/2024,17,0
8/25/2024,18,0
8/25/2024,19,0.2
8/25/2024,20,0.4
8/25/2024,21,0
8/25/2024,22,0
8/25/2024,23,0
8/26/2024,0,0
8/26/2024,1,0
8/26/2024,2,0
8/26/2024,3,0
8/26/2024,4,0
8/26/2024,5,0
8/26/2024,6,0
8/26/2024,7,0
8/26/2024,8,0
8/26/2024,9,0
8/26/2024,10,0.2
8/26/2024,11,0
8/26/2024,12,0
8/26/2024,13,0
8/26/2024,14,0
8/26/2024,15,15.8
8/26/2024,16,15.2
8/26/2024,17,0.6
8/26/2024,18,0.2
8/26/2024,19,0
8/26/2024,20,2.2
8/26/2024,21,4.8
8/26/2024,22,3.6
8/26/2024,23,0.4
8/27/2024,0,0
8/27/2024,1,0.2
8/27/2024,2,0
8/27/2024,3,0
8/27/2024,4,0
8/27/2024,5,0
8/27/2024,6,0
8/27/2024,7,0
8/27/2024,8,0
8/27/2024,9,0
8/27/2024,10,0
8/27/2024,11,0
8/27/2024,12,0
8/27/2024,13,0
8/27/2024,14,0
8/27/2024,15,0
8/27/2024,16,0
8/27/2024,17,0
8/27/2024,18,0
8/27/2024,19,0
8/27/2024,20,0
8/27/2024,21,0
8/27/2024,22,0
8/27/2024,23,0
8/28/2024,0,0
8/28/2024,1,0
8/28/2024,2,0
8/28/2024,3,0
8/28/2024,4,0.2
8/28/2024,5,0
8/28/2024,6,0
8/28/2024,7,0
8/28/2024,8,0
8/28/2024,9,0
8/28/2024,10,0
8/28/2024,11,0
8/28/2024,12,0
8/28/2024,13,0
8/28/2024,14,0
8/28/2024,15,0
8/28/2024,16,0
8/28/2024,17,31
8/28/2024,18,3.2
8/28/2024,19,0
8/28/2024,20,0
8/28/2024,21,0
8/28/2024,22,0
8/28/2024,23,0
8/29/2024,0,0
8/29/2024,1,0
8/29/2024,2,0
8/29/2024,3,0
8/29/2024,4,0
8/29/2024,5,0
8/29/2024,6,0
8/29/2024,7,0
8/29/2024,8,0
8/29/2024,9,0
8/29/2024,10,0
8/29/2024,11,0
8/29/2024,12,0
8/29/2024,13,0
8/29/2024,14,0
8/29/2024,15,0
8/29/2024,16,0
8/29/2024,17,1
8/29/2024,18,1.4
8/29/2024,19,0
8/29/2024,20,0
8/29/2024,21,1.6
8/29/2024,22,0.2
8/29/2024,23,2
8/30/2024,0,0.6
8/30/2024,1,0
8/30/2024,2,0
8/30/2024,3,0
8/30/2024,4,0
8/30/2024,5,0
8/30/2024,6,0
8/30/2024,7,0
8/30/2024,8,0
8/30/2024,9,0
8/30/2024,10,0
8/30/2024,11,0
8/30/2024,12,0
8/30/2024,13,0
8/30/2024,14,0
8/30/2024,15,0
8/30/2024,16,0
8/30/2024,17,0
8/30/2024,18,0
8/30/2024,19,0
8/30/2024,20,0
8/30/2024,21,0
8/30/2024,22,0
8/30/2024,23,0
8/31/2024,0,0
8/31/2024,1,0
8/31/2024,2,0
8/31/2024,3,0
8/31/2024,4,0
8/31/2024,5,0
8/31/2024,6,0
8/31/2024,7,0
8/31/2024,8,0
8/31/2024,9,0
8/31/2024,10,0
8/31/2024,11,0
8/31/2024,12,0
8/31/2024,13,0
8/31/2024,14,0
8/31/2024,15,0
8/31/2024,16,0
8/31/2024,17,0
8/31/2024,18,0.4
8/31/2024,19,0
8/31/2024,20,0.4
8/31/2024,21,0.6
8/31/2024,22,4.4
8/31/2024,23,7.4
9/1/2024,0,1
9/1/2024,1,0
9/1/2024,2,0
9/1/2024,3,0
9/1/2024,4,0
9/1/2024,5,0
9/1/2024,6,0
9/1/2024,7,0
9/1/2024,8,0.2
9/1/2024,9,0.2
9/1/2024,10,0.6
9/1/2024,11,1.2
9/1/2024,12,15.4
9/1/2024,13,16.4
9/1/2024,14,1.2
9/1/2024,15,0.2
9/1/2024,16,26
9/1/2024,17,2.6
9/1/2024,18,6.2
9/1/2024,19,4.2
9/1/2024,20,0.4
9/1/2024,21,5
9/1/2024,22,0.4
9/1/2024,23,15.6
9/2/2024,0,5
9/2/2024,1,0.4
9/2/2024,2,52.2
9/2/2024,3,47.2
9/2/2024,4,18.8
9/2/2024,5,15.6
9/2/2024,6,5
9/2/2024,7,0.4
9/2/2024,8,0
9/2/2024,9,0
9/2/2024,10,0
9/2/2024,11,0
9/2/2024,12,0
9/2/2024,13,0
9/2/2024,14,0
9/2/2024,15,0
9/2/2024,16,0
9/2/2024,17,0
9/2/2024,18,1
9/2/2024,19,21.8
9/2/2024,20,0.4
9/2/2024,21,0
9/2/2024,22,0
9/2/2024,23,15.2
9/3/2024,0,0
9/3/2024,1,0
9/3/2024,2,0
9/3/2024,3,0
9/3/2024,4,0.2
9/3/2024,5,0
9/3/2024,6,0
9/3/2024,7,0
9/3/2024,8,1
9/3/2024,9,0
9/3/2024,10,0
9/3/2024,11,0
9/3/2024,12,0
9/3/2024,13,0
9/3/2024,14,0
9/3/2024,15,0
9/3/2024,16,0
9/4/2024,10,0.2
9/4/2024,11,0
9/4/2024,12,0
9/4/2024,13,0
9/4/2024,14,0
9/4/2024,15,0
9/4/2024,16,0
9/4/2024,17,0
9/4/2024,18,0
9/4/2024,19,0
9/4/2024,20,0
9/4/2024,21,0.2
9/4/2024,22,1.8
9/4/2024,23,0.2
9/5/2024,0,0
9/5/2024,1,0
9/5/2024,2,0
9/5/2024,3,6.8
9/5/2024,4,5.8
9/5/2024,5,0
9/5/2024,6,0
9/5/2024,7,0
9/5/2024,8,0.2
9/5/2024,13,0
9/5/2024,14,0.2
9/5/2024,15,0.2
9/5/2024,16,0
9/5/2024,17,0
9/5/2024,18,0
9/5/2024,19,0
9/5/2024,20,0
9/5/2024,21,0
9/5/2024,22,0
9/5/2024,23,0
9/6/2024,0,6.2
9/6/2024,1,6.6
9/6/2024,2,6.6
9/6/2024,3,6.6
9/6/2024,4,1.6
9/6/2024,5,3
9/6/2024,6,6.6
9/6/2024,8,0.8
9/6/2024,9,5.8
9/6/2024,10,19.8
9/6/2024,11,0.6
9/6/2024,12,0
9/6/2024,13,0
9/6/2024,14,0
9/6/2024,15,0
9/6/2024,16,0
9/6/2024,17,0
9/6/2024,18,0
9/6/2024,19,0
9/6/2024,20,0
9/6/2024,21,4.2
9/6/2024,22,31.6
9/6/2024,23,7.8
9/7/2024,0,0.6
9/7/2024,1,1.2
9/7/2024,2,0
9/7/2024,3,0
9/7/2024,4,0.2
9/7/2024,5,0
9/7/2024,6,0
9/7/2024,7,0.2
9/7/2024,8,0
9/7/2024,9,0
9/7/2024,10,0
9/7/2024,11,0
9/7/2024,12,0
9/7/2024,13,0
9/7/2024,14,0
9/7/2024,15,0
9/7/2024,16,0
9/7/2024,17,0
9/7/2024,18,0
9/7/2024,19,0
9/7/2024,20,0
9/7/2024,21,0
9/7/2024,22,0
9/7/2024,23,0
9/8/2024,0,0
9/8/2024,1,0
9/8/2024,2,0
9/8/2024,3,0
9/8/2024,4,0
9/8/2024,5,0
9/8/2024,6,0
9/8/2024,7,0
9/8/2024,8,0
9/8/2024,9,0
9/8/2024,10,0
9/8/2024,11,0
9/8/2024,12,0
9/8/2024,13,0
9/8/2024,14,0
9/8/2024,15,0
9/8/2024,16,0
9/8/2024,17,0
9/8/2024,18,0
9/8/2024,19,0
9/8/2024,20,0
9/8/2024,21,0
9/8/2024,22,0
9/8/2024,23,0
9/9/2024,0,0
9/9/2024,1,0
9/9/2024,2,0
9/9/2024,3,4.6
9/9/2024,4,5.6
9/9/2024,5,3.8
9/9/2024,6,0
9/9/2024,7,0
9/9/2024,8,0
9/9/2024,9,0
9/9/2024,10,0
9/9/2024,11,0
9/9/2024,12,0
9/9/2024,13,0
9/9/2024,15,0
9/9/2024,16,12
9/9/2024,17,12.8
9/9/2024,18,0.4
9/9/2024,19,0
9/9/2024,20,0
9/9/2024,21,0
9/9/2024,22,0.2
9/9/2024,23,0
9/10/2024,0,0
9/10/2024,1,0
9/10/2024,2,0
9/10/2024,3,0
9/10/2024,4,0.2
9/10/2024,5,0
9/10/2024,6,0
9/10/2024,7,0
9/10/2024,8,0
9/10/2024,9,0
9/10/2024,10,0
9/10/2024,11,0
9/10/2024,12,0
9/10/2024,13,0
9/10/2024,14,0
9/10/2024,15,0
9/10/2024,16,0
9/10/2024,17,0
9/10/2024,18,0
9/10/2024,19,0
9/10/2024,20,0
9/10/2024,21,0.2
9/10/2024,22,0
9/10/2024,23,0.2
9/11/2024,0,0
9/11/2024,1,0
9/11/2024,2,0
9/11/2024,3,0
9/11/2024,4,0
9/11/2024,5,0
9/11/2024,6,0
9/11/2024,7,0
9/11/2024,8,0
9/11/2024,9,0
9/11/2024,10,0
9/11/2024,11,0
9/11/2024,12,0
9/11/2024,13,0
9/11/2024,14,0
9/11/2024,15,0
9/11/2024,16,0
9/11/2024,17,0
9/11/2024,18,0
9/11/2024,19,0
9/11/2024,20,0
9/11/2024,21,0
9/11/2024,22,0
9/11/2024,23,0
9/12/2024,0,0
9/12/2024,1,0
9/12/2024,2,0
9/12/2024,3,0
9/12/2024,4,0
9/12/2024,5,0
9/12/2024,6,0
9/12/2024,7,0
9/12/2024,8,0
9/12/2024,9,0
9/12/2024,13,0
9/12/2024,14,0
9/12/2024,15,0
9/12/2024,16,0
9/12/2024,17,0
9/12/2024,19,8.6
9/12/2024,20,0
9/12/2024,21,0
9/12/2024,22,0
9/12/2024,23,0
9/13/2024,0,0
9/13/2024,1,0
9/13/2024,2,0
9/13/2024,3,0
9/13/2024,4,0
9/13/2024,5,0
9/13/2024,6,0
9/13/2024,7,0
9/13/2024,8,0
9/13/2024,9,0
9/13/2024,10,0
9/13/2024,11,0
9/13/2024,12,0
9/13/2024,13,0
9/13/2024,14,0
9/13/2024,15,0
9/13/2024,16,1.2
9/13/2024,17,4
9/13/2024,18,0
9/13/2024,19,0
9/13/2024,20,0
9/13/2024,21,0
9/13/2024,22,0
9/13/2024,23,0
9/14/2024,0,0
9/14/2024,1,0
9/14/2024,2,0
9/14/2024,3,0
9/14/2024,4,0
9/14/2024,5,0
9/14/2024,6,0
9/14/2024,7,0
9/14/2024,8,0
9/14/2024,9,0
9/14/2024,10,0
9/14/2024,11,0
9/14/2024,12,0
9/14/2024,13,0
9/14/2024,14,0
9/14/2024,15,0
9/14/2024,16,2.6
9/14/2024,17,0
9/14/2024,18,0
9/14/2024,19,0
9/14/2024,20,0.2
9/14/2024,21,0.8
9/14/2024,22,1
9/14/2024,23,0
9/15/2024,0,0
9/15/2024,1,0
9/15/2024,2,0
9/15/2024,3,0
9/15/2024,4,0
9/15/2024,5,0
9/15/2024,6,0
9/15/2024,7,0
9/15/2024,8,0
9/15/2024,9,0
9/15/2024,10,0
9/15/2024,11,0
9/15/2024,12,0
9/15/2024,13,0
9/15/2024,14,0
9/15/2024,15,0
9/15/2024,16,0
9/15/2024,17,0
9/15/2024,18,0
9/15/2024,19,0
9/15/2024,20,2
9/15/2024,21,2
9/15/2024,22,3.8
9/15/2024,23,19.6
9/16/2024,0,5.8
9/16/2024,1,0.4
9/16/2024,2,0
9/16/2024,3,0
9/16/2024,4,0
9/16/2024,5,0
9/16/2024,6,0
9/16/2024,7,0
9/16/2024,8,0
9/16/2024,9,0
9/16/2024,10,0
9/16/2024,11,0
9/16/2024,12,0
9/16/2024,13,0
9/16/2024,14,0
9/16/2024,15,0
9/16/2024,16,0
9/16/2024,17,14.6
9/16/2024,18,0.8
9/16/2024,19,0
9/16/2024,20,0
9/16/2024,21,0
9/16/2024,22,0
9/16/2024,23,0
9/17/2024,0,0
9/17/2024,1,0
9/17/2024,2,0
9/17/2024,3,0
9/17/2024,4,0
9/17/2024,5,0
9/17/2024,6,0
9/17/2024,7,0
9/17/2024,8,0
9/17/2024,9,0.2
9/17/2024,10,0
9/17/2024,11,0
9/17/2024,12,0
9/17/2024,13,0
9/17/2024,14,0
9/17/2024,15,0
9/17/2024,16,0
9/17/2024,17,0
9/17/2024,18,0
9/17/2024,19,0
9/17/2024,20,0
9/17/2024,21,0
9/17/2024,22,0
9/17/2024,23,0
9/18/2024,0,0
9/18/2024,1,0
9/18/2024,2,0
9/18/2024,3,0
9/18/2024,4,0
9/18/2024,5,0
9/18/2024,6,0
9/18/2024,7,0
9/18/2024,8,0
9/18/2024,9,0
9/18/2024,10,0
9/18/2024,11,0
9/18/2024,12,0
9/18/2024,13,0
9/18/2024,14,0
9/18/2024,15,0
9/18/2024,16,0
9/18/2024,17,0
9/18/2024,18,0
9/18/2024,19,0
9/18/2024,20,0
9/18/2024,21,0
9/18/2024,22,0
9/18/2024,23,0
9/19/2024,0,0
9/19/2024,1,0
9/19/2024,2,0
9/19/2024,3,0
9/19/2024,4,0
9/19/2024,5,0
9/19/2024,6,0
9/19/2024,7,0
9/19/2024,8,0
9/19/2024,9,0
9/19/2024,10,0
9/19/2024,11,0
9/19/2024,12,0
9/19/2024,13,0
9/19/2024,14,0
9/19/2024,15,0
9/19/2024,16,0
9/19/2024,17,0
9/19/2024,18,0
9/19/2024,19,0
9/19/2024,20,0
9/19/2024,21,0
9/19/2024,22,0
9/19/2024,23,0
9/20/2024,0,0
9/20/2024,1,0
9/20/2024,2,0
9/20/2024,3,0
9/20/2024,4,0
9/20/2024,5,0
9/20/2024,6,0
9/20/2024,7,0
9/20/2024,8,0
9/20/2024,9,0
9/20/2024,10,0
9/20/2024,11,0
9/20/2024,12,0
9/20/2024,13,0
9/20/2024,14,0
9/20/2024,15,0
9/20/2024,16,0
9/20/2024,17,0
9/20/2024,18,0
9/20/2024,19,1.8
9/20/2024,20,2.2
9/20/2024,21,0
9/20/2024,22,0
9/20/2024,23,0
9/21/2024,0,0
9/21/2024,1,0
9/21/2024,2,0
9/21/2024,3,0
9/21/2024,4,0
9/21/2024,5,0
9/21/2024,6,0
9/21/2024,7,0
9/21/2024,8,0
9/21/2024,9,0
9/21/2024,10,0
9/21/2024,11,0
9/21/2024,12,0
9/21/2024,13,0
9/21/2024,14,0
9/21/2024,15,0
9/21/2024,16,0
9/21/2024,17,0
9/21/2024,18,0
9/21/2024,19,0
9/21/2024,20,0
9/21/2024,21,0
9/21/2024,22,0
9/21/2024,23,0
9/22/2024,0,0
9/22/2024,1,0
9/22/2024,2,0
9/22/2024,3,0
9/22/2024,4,0
9/22/2024,5,0
9/22/2024,6,0
9/22/2024,7,0
9/22/2024,8,0
9/22/2024,9,0
9/22/2024,10,0
9/22/2024,11,0
9/22/2024,12,0
9/22/2024,13,0
9/22/2024,14,0
9/22/2024,15,0
9/22/2024,16,0
9/22/2024,17,0
9/22/2024,18,0
9/22/2024,19,0
9/22/2024,20,0
9/22/2024,21,0
9/22/2024,22,0
9/22/2024,23,0
9/23/2024,0,0
9/23/2024,1,0
9/23/2024,2,0
9/23/2024,3,0
9/23/2024,4,0
9/23/2024,5,0
9/23/2024,6,0
9/23/2024,7,0
9/23/2024,8,0
9/23/2024,9,0
9/23/2024,10,0
9/23/2024,11,0
9/23/2024,12,0
9/23/2024,13,0
9/23/2024,14,0
9/23/2024,15,0
9/23/2024,16,0
9/23/2024,17,0
9/23/2024,18,0
9/23/2024,19,0
9/23/2024,20,0
9/23/2024,21,0
9/23/2024,22,0
9/23/2024,23,0
9/24/2024,0,0
9/24/2024,1,0
9/24/2024,2,0
9/24/2024,3,0
9/24/2024,4,0
9/24/2024,5,0
9/24/2024,6,0
9/24/2024,7,0
9/24/2024,8,0
9/24/2024,9,0
9/24/2024,10,0
9/24/2024,11,0.2
9/24/2024,12,0.6
9/24/2024,13,0
9/24/2024,14,0
9/24/2024,15,0
9/24/2024,16,0
9/24/2024,17,0
9/24/2024,18,0
9/24/2024,19,0
9/24/2024,20,0
9/24/2024,21,0
9/24/2024,22,0
9/24/2024,23,0
9/25/2024,0,0
9/25/2024,1,0
9/25/2024,2,0.6
9/25/2024,3,0.6
9/25/2024,4,0.2
9/25/2024,5,0
9/25/2024,6,0
9/25/2024,7,0
9/25/2024,8,0.8
9/25/2024,9,0.2
9/25/2024,10,0.2
9/25/2024,11,0
9/25/2024,12,0
9/25/2024,13,0
9/25/2024,14,0
9/25/2024,15,0
9/25/2024,16,0
9/25/2024,17,0
9/25/2024,18,0
9/25/2024,19,0
9/25/2024,20,0.2
9/25/2024,21,0
9/25/2024,22,0
9/25/2024,23,0
9/26/2024,0,0
9/26/2024,1,0
9/26/2024,2,0.2
9/26/2024,3,1.2
9/26/2024,4,0
9/26/2024,5,0.2
9/26/2024,6,0
9/26/2024,7,0.2
9/26/2024,8,0
9/26/2024,9,0
9/26/2024,10,0
9/26/2024,11,0
9/26/2024,12,0
9/26/2024,13,0
9/26/2024,14,0.2
9/26/2024,15,0
9/26/2024,16,0.4
9/26/2024,17,1
9/26/2024,18,0.6
9/26/2024,19,0
9/26/2024,20,0.6
9/26/2024,21,0.4
9/26/2024,22,0.6
9/26/2024,23,1.6
9/27/2024,0,0.4
9/27/2024,1,0.4
9/27/2024,2,0.8
9/27/2024,3,1.6
9/27/2024,4,1.4
9/27/2024,5,2.8
9/27/2024,6,0.8
9/27/2024,7,2.2
9/27/2024,8,2.4
9/27/2024,9,3
9/27/2024,10,3.6
9/27/2024,11,3.8
9/27/2024,12,2.2
9/27/2024,13,5
9/27/2024,14,6
9/27/2024,15,6.8
9/27/2024,16,8.4
9/27/2024,17,8.2
9/27/2024,18,4.4
9/27/2024,19,6
9/27/2024,20,5.4
9/27/2024,21,5.8
9/27/2024,22,1.8
9/27/2024,23,2.6
9/28/2024,0,1.6
9/28/2024,1,5.4
9/28/2024,2,13.8
9/28/2024,3,10
9/28/2024,4,7.2
9/28/2024,5,4.8
9/28/2024,6,5.2
9/28/2024,7,6.6
9/28/2024,8,8.4
9/28/2024,9,12
9/28/2024,10,10.4
9/28/2024,11,9.6
9/28/2024,12,6.6
9/28/2024,13,4
9/28/2024,14,1
9/28/2024,15,1
9/28/2024,16,3.8
9/28/2024,17,4.4
9/28/2024,18,1.2
9/28/2024,19,0.6
9/28/2024,20,0
9/28/2024,21,0
9/28/2024,22,0
9/28/2024,23,0
9/29/2024,0,0
9/29/2024,1,0
9/29/2024,2,0
9/29/2024,3,0
9/29/2024,4,0
9/29/2024,5,0
9/29/2024,6,0
9/29/2024,7,0
9/29/2024,8,0
9/29/2024,9,0
9/29/2024,10,0.2
9/29/2024,11,0
9/29/2024,12,0
9/29/2024,13,0
9/29/2024,14,0
9/29/2024,15,0
9/29/2024,16,0
9/29/2024,17,0
9/29/2024,18,0
9/29/2024,19,0
9/29/2024,20,0
9/29/2024,21,0
9/29/2024,22,0
9/29/2024,23,0
9/30/2024,0,0
9/30/2024,1,0
9/30/2024,2,0
9/30/2024,3,0
9/30/2024,4,0
9/30/2024,5,0
9/30/2024,6,0
9/30/2024,7,0
9/30/2024,8,0
9/30/2024,9,0
9/30/2024,10,0
9/30/2024,11,0
9/30/2024,12,0
9/30/2024,13,0
9/30/2024,14,0
9/30/2024,15,0
9/30/2024,16,0
9/30/2024,17,0
9/30/2024,18,0
9/30/2024,19,0
9/30/2024,20,0
9/30/2024,21,0
9/30/2024,22,0
9/30/2024,23,0
10/1/2024,0,0
10/1/2024,1,0
10/1/2024,2,0
10/1/2024,3,0
10/1/2024,4,0
10/1/2024,5,0
10/1/2024,6,0
10/1/2024,7,0
10/1/2024,8,0
10/1/2024,9,0
10/1/2024,10,0
10/1/2024,11,0
10/1/2024,12,0
10/1/2024,13,0
10/1/2024,14,0
10/1/2024,15,0
10/1/2024,16,0
10/1/2024,17,0
10/1/2024,18,0
10/1/2024,19,0
10/1/2024,20,0
10/1/2024,21,0
10/1/2024,22,0
10/1/2024,23,0
10/2/2024,0,0
10/2/2024,1,0
10/2/2024,2,0
10/2/2024,3,0
10/2/2024,4,0
10/2/2024,6,0
10/2/2024,7,0
10/2/2024,8,0
10/2/2024,9,0
10/2/2024,10,0
10/2/2024,11,0
10/2/2024,12,0
10/2/2024,13,0
10/2/2024,14,0
10/2/2024,15,0
10/2/2024,16,0
10/2/2024,17,0.6
10/2/2024,18,2.6
10/2/2024,19,2.6
10/2/2024,20,0.4
10/2/2024,21,0.6
10/2/2024,22,0.2
10/2/2024,23,0.2
10/3/2024,0,0
10/3/2024,1,0
10/3/2024,2,0
10/3/2024,3,0
10/3/2024,4,0
10/3/2024,5,0
10/3/2024,6,0
10/3/2024,7,0
10/3/2024,8,2
10/3/2024,9,0
10/3/2024,10,0
10/3/2024,11,0
10/3/2024,12,0
10/3/2024,13,0
10/3/2024,14,0
10/3/2024,15,0
10/3/2024,16,0
10/3/2024,17,0
10/3/2024,18,0
10/3/2024,19,0
10/3/2024,20,0
10/3/2024,21,0
10/3/2024,22,0
10/3/2024,23,0
10/4/2024,0,0
10/4/2024,1,0
10/4/2024,2,0
10/4/2024,3,0
10/4/2024,4,0
10/4/2024,5,0
10/4/2024,6,0
10/4/2024,7,0
10/4/2024,8,0
10/4/2024,9,0
10/4/2024,10,0
10/4/2024,11,0
10/4/2024,12,0
10/4/2024,13,0
10/4/2024,14,0
10/4/2024,15,0
10/4/2024,16,0
10/4/2024,17,0
10/4/2024,18,0
10/4/2024,19,0
10/4/2024,20,0
10/4/2024,21,0
10/4/2024,22,0
10/4/2024,23,0
10/5/2024,0,0
10/5/2024,1,0
10/5/2024,2,0
10/5/2024,3,0
10/5/2024,4,0
10/5/2024,5,0
10/5/2024,6,0
10/5/2024,7,0
10/5/2024,8,0
10/5/2024,9,0
10/5/2024,10,0
10/5/2024,11,0
10/5/2024,12,0
10/5/2024,13,0
10/5/2024,14,0
10/5/2024,15,0.2
10/5/2024,16,0
10/5/2024,17,0
10/5/2024,18,0
10/5/2024,19,0
10/5/2024,20,0
10/5/2024,21,0
10/5/2024,22,0
10/5/2024,23,0
10/6/2024,0,3
10/6/2024,1,1.6
10/6/2024,2,2.2
10/6/2024,3,0
10/6/2024,4,0
10/6/2024,5,0
10/6/2024,6,0
10/6/2024,7,0
10/6/2024,8,0
10/6/2024,9,0
10/6/2024,10,0
10/6/2024,11,0
10/6/2024,12,0
10/6/2024,13,0
10/6/2024,14,0
10/6/2024,15,0
10/6/2024,16,0
10/6/2024,17,0
10/6/2024,18,0
10/6/2024,19,0.8
10/6/2024,20,0
10/6/2024,21,0
10/6/2024,22,0
10/6/2024,23,0
10/7/2024,0,0
10/7/2024,1,0
10/7/2024,2,0
10/7/2024,3,0
10/7/2024,4,0
10/7/2024,5,0.2
10/7/2024,6,0
10/7/2024,7,0
10/7/2024,8,0
10/7/2024,10,0
10/7/2024,11,0
10/7/2024,12,0
10/7/2024,13,0
10/7/2024,14,0
10/7/2024,15,0
10/7/2024,16,0
10/7/2024,17,0
10/7/2024,18,0
10/7/2024,19,0
10/7/2024,20,0
10/7/2024,21,0
10/7/2024,22,0
10/8/2024,0,0
10/8/2024,1,0
10/8/2024,2,0
10/8/2024,3,0
10/8/2024,4,0
10/8/2024,5,0
10/8/2024,6,0
10/8/2024,7,0
10/8/2024,8,0
10/8/2024,9,0
10/8/2024,10,0
10/8/2024,11,0
10/8/2024,12,0
10/8/2024,13,0
10/8/2024,14,0
10/8/2024,15,0
10/8/2024,16,0
10/8/2024,17,0
10/8/2024,18,0
10/8/2024,19,0
10/8/2024,20,0
10/8/2024,21,0
10/8/2024,22,0
10/8/2024,23,0
10/9/2024,0,0
10/9/2024,1,0
10/9/2024,2,0
10/9/2024,3,0
10/9/2024,4,0
10/9/2024,5,0
10/9/2024,6,0
10/9/2024,7,0
10/9/2024,8,0
10/9/2024,9,0
10/9/2024,10,0
10/9/2024,11,0
10/9/2024,12,0
10/9/2024,13,0
10/9/2024,14,0
10/9/2024,15,0
10/9/2024,16,0
10/9/2024,17,0
10/9/2024,18,0
10/9/2024,19,0
10/9/2024,20,0
10/9/2024,21,0
10/9/2024,22,0
10/9/2024,23,0
10/10/2024,0,0
10/10/2024,1,0
10/10/2024,2,0
10/10/2024,3,0
10/10/2024,4,0
10/10/2024,5,0
10/10/2024,6,0
10/10/2024,7,0
10/10/2024,8,0
10/10/2024,9,0.2
10/10/2024,10,0
10/10/2024,11,0
10/10/2024,12,0
10/10/2024,13,0
10/10/2024,14,0
10/10/2024,15,0
10/10/2024,16,0
10/10/2024,17,0
10/10/2024,18,0
10/10/2024,19,0
10/10/2024,20,0
10/10/2024,21,0
10/10/2024,22,0
10/10/2024,23,0
10/11/2024,0,0
10/11/2024,1,0
10/11/2024,2,0
10/11/2024,3,0
10/11/2024,4,0
10/11/2024,5,0
10/11/2024,6,0
10/11/2024,8,0
10/11/2024,9,0
10/11/2024,10,0
10/11/2024,11,0
10/11/2024,12,0
10/11/2024,13,0
10/11/2024,14,0
10/11/2024,15,0
10/11/2024,16,0
10/11/2024,17,0
10/11/2024,18,0
10/11/2024,19,0
10/11/2024,20,0
10/11/2024,21,0
10/11/2024,22,0
10/11/2024,23,0
10/12/2024,0,0
10/12/2024,1,0
10/12/2024,2,0
10/12/2024,3,0
10/12/2024,4,0
10/12/2024,5,0
10/12/2024,6,0
10/12/2024,7,0
10/12/2024,8,0
10/12/2024,9,0
10/12/2024,10,0
10/12/2024,11,0
10/12/2024,12,0
10/12/2024,13,0
10/12/2024,14,0
10/12/2024,15,0
10/12/2024,16,0
10/12/2024,17,0
10/12/2024,18,0
10/12/2024,19,0
10/12/2024,20,0
10/12/2024,21,0
10/12/2024,22,0
10/12/2024,23,0
10/13/2024,0,0
10/13/2024,1,0
10/13/2024,2,0
10/13/2024,3,0
10/13/2024,4,0
10/13/2024,5,0
10/13/2024,6,0
10/13/2024,7,0.2
10/13/2024,8,0
10/13/2024,9,0
10/13/2024,10,0
10/13/2024,11,0
10/13/2024,12,0
10/13/2024,13,0
10/13/2024,14,0
10/13/2024,15,0
10/13/2024,16,0
10/13/2024,17,0
10/13/2024,18,0
10/13/2024,19,0
10/13/2024,20,0
10/13/2024,21,0
10/13/2024,22,0
10/13/2024,23,0
10/14/2024,0,0
10/14/2024,1,0
10/14/2024,2,0
10/14/2024,3,0
10/14/2024,4,0
10/14/2024,5,0
10/14/2024,6,0
10/14/2024,7,0
10/14/2024,8,0
10/14/2024,9,0
10/14/2024,10,0
10/14/2024,11,0
10/14/2024,12,0
10/14/2024,13,0
10/14/2024,14,0
10/14/2024,15,0
10/14/2024,16,0
10/14/2024,17,0
10/14/2024,18,0
10/14/2024,19,0
10/14/2024,20,0
10/14/2024,21,0
10/14/2024,22,0
10/14/2024,23,0
10/15/2024,0,0
10/15/2024,1,0
10/15/2024,2,0
10/15/2024,3,0
10/15/2024,5,0
10/15/2024,6,0
10/15/2024,7,0
10/15/2024,8,0
10/15/2024,9,0
10/15/2024,10,0
10/15/2024,11,0
10/15/2024,12,0
10/15/2024,13,0
10/15/2024,14,0
10/15/2024,15,0
10/15/2024,16,0
10/15/2024,17,0
10/15/2024,18,0
10/15/2024,19,0
10/15/2024,20,0
10/15/2024,21,0
10/15/2024,22,0
10/15/2024,23,0
10/16/2024,0,0
10/16/2024,1,0
10/16/2024,2,0
10/16/2024,3,0
10/16/2024,4,0
10/16/2024,5,0
10/16/2024,6,0
10/16/2024,7,0
10/16/2024,8,0
10/16/2024,9,0
10/16/2024,10,0
10/16/2024,11,0
10/16/2024,12,0
10/16/2024,13,0
10/16/2024,14,0
10/16/2024,15,0
10/16/2024,16,0
10/16/2024,17,0
10/16/2024,18,0
10/16/2024,19,0
10/16/2024,20,0
10/16/2024,21,0
10/16/2024,22,0
10/16/2024,23,0
10/17/2024,0,0
10/17/2024,1,0
10/17/2024,2,0
10/17/2024,3,0
10/17/2024,4,0
10/17/2024,5,0
10/17/2024,6,0
10/17/2024,7,0
10/17/2024,8,0
10/17/2024,9,0.2
10/17/2024,10,0
10/17/2024,11,0
10/17/2024,12,0
10/17/2024,13,0
10/17/2024,14,0
10/17/2024,15,0
10/17/2024,16,0
10/17/2024,17,0
10/17/2024,18,0
10/17/2024,19,0
10/17/2024,20,0
10/17/2024,21,0
10/17/2024,22,0
10/17/2024,23,0
10/18/2024,0,0
10/18/2024,1,0
10/18/2024,2,0
10/18/2024,3,0
10/18/2024,4,0
10/18/2024,5,0
10/18/2024,6,0
10/18/2024,7,0
10/18/2024,8,0
10/18/2024,9,0
10/18/2024,10,0
10/18/2024,11,0
10/18/2024,12,0
10/18/2024,13,0
10/18/2024,14,0
10/18/2024,15,0
10/18/2024,16,0
10/18/2024,17,0
10/18/2024,18,0
10/18/2024,19,0
10/18/2024,20,0
10/18/2024,21,0
10/18/2024,22,0
10/18/2024,23,0
10/19/2024,0,0
10/19/2024,1,0
10/19/2024,2,0
10/19/2024,3,0
10/19/2024,4,0.2
10/19/2024,5,0
10/19/2024,6,0
10/19/2024,7,0
10/19/2024,8,0
10/19/2024,9,0.2
10/19/2024,10,0
10/19/2024,11,0
10/19/2024,12,0
10/19/2024,13,0
10/19/2024,14,0
10/19/2024,15,0
10/19/2024,16,0
10/19/2024,17,0
10/19/2024,18,0
10/19/2024,19,0
10/19/2024,20,0
10/19/2024,21,0
10/19/2024,22,0
10/19/2024,23,0
10/20/2024,0,0
10/20/2024,1,0
10/20/2024,2,0
10/20/2024,3,0
10/20/2024,4,0
10/20/2024,5,0
10/20/2024,6,0
10/20/2024,7,0
10/20/2024,8,0
10/20/2024,9,0
10/20/2024,10,0
10/20/2024,11,0
10/20/2024,12,0
10/20/2024,13,0
10/20/2024,14,0
10/20/2024,15,0
10/20/2024,16,0
10/20/2024,17,0
10/20/2024,18,7
10/20/2024,19,0.8
10/20/2024,20,4
10/20/2024,21,1.6
10/20/2024,22,0
10/20/2024,23,0
10/21/2024,0,0
10/21/2024,1,0
10/21/2024,2,0
10/21/2024,3,0
10/21/2024,4,0
10/21/2024,5,0
10/21/2024,6,0
10/21/2024,7,0.2
10/21/2024,8,0
10/21/2024,9,0
10/21/2024,10,0
10/21/2024,11,0
10/21/2024,12,0
10/21/2024,13,0
10/21/2024,14,0
10/21/2024,15,0
10/21/2024,16,0
10/21/2024,17,0
10/21/2024,18,0
10/21/2024,19,0
10/21/2024,20,0
10/21/2024,21,0
10/21/2024,22,0
10/21/2024,23,0
10/22/2024,0,0
10/22/2024,1,0
10/22/2024,2,0
10/22/2024,3,0
10/22/2024,4,0
10/22/2024,5,0
10/22/2024,6,0
10/22/2024,7,0
10/22/2024,8,0
10/22/2024,9,0
10/22/2024,10,0
10/22/2024,11,0
10/22/2024,12,0
10/22/2024,13,0
10/22/2024,14,0
10/22/2024,15,0
10/22/2024,16,0
10/22/2024,17,0
10/22/2024,18,0
10/22/2024,19,0
10/22/2024,20,0
10/22/2024,21,0
10/22/2024,22,0
10/22/2024,23,0
10/23/2024,0,0
10/23/2024,1,0
10/23/2024,2,0
10/23/2024,3,0
10/23/2024,4,0
10/23/2024,5,0
10/23/2024,6,0
10/23/2024,7,0
10/23/2024,8,0
10/23/2024,9,0
10/23/2024,10,0
10/23/2024,11,0
10/23/2024,12,0
10/23/2024,13,0
10/23/2024,14,0
10/23/2024,15,0
10/23/2024,16,0
10/23/2024,17,0
10/23/2024,18,0
10/23/2024,19,0
10/23/2024,20,0
10/23/2024,21,0
10/23/2024,22,0
10/23/2024,23,0
10/24/2024,0,0
10/24/2024,1,0
10/24/2024,2,0
10/24/2024,3,0
10/24/2024,4,0
10/24/2024,5,0
10/24/2024,6,0
10/24/2024,7,0
10/24/2024,8,0
10/24/2024,9,0
10/24/2024,10,0
10/24/2024,11,0
10/24/2024,12,0
10/24/2024,13,0
10/24/2024,14,0
10/24/2024,15,0
10/24/2024,16,0
10/24/2024,17,0
10/24/2024,18,0
10/24/2024,19,0
10/24/2024,20,0
10/24/2024,21,0
10/24/2024,22,0
10/24/2024,23,0
10/25/2024,0,0
10/25/2024,1,0
10/25/2024,2,0
10/25/2024,3,0
10/25/2024,4,0
10/25/2024,5,0
10/25/2024,6,0
10/25/2024,7,0
10/25/2024,8,0
10/25/2024,9,0.2
10/25/2024,10,0
10/25/2024,11,0
10/25/2024,12,0
10/25/2024,13,0
10/25/2024,14,0
10/25/2024,15,0
10/25/2024,16,0
10/25/2024,17,0
10/25/2024,18,0
10/25/2024,19,0
10/25/2024,20,0
10/25/2024,21,0
10/25/2024,22,0
10/25/2024,23,0
10/26/2024,0,0
10/26/2024,1,0
10/26/2024,2,0
10/26/2024,3,0
10/26/2024,4,0
10/26/2024,5,0
10/26/2024,6,0
10/26/2024,7,0
10/26/2024,8,0
10/26/2024,9,0
10/26/2024,10,0
10/26/2024,11,0
10/26/2024,12,0
10/26/2024,13,0
10/26/2024,14,0
10/26/2024,15,0
10/26/2024,16,0
10/26/2024,17,0
10/26/2024,18,0
10/26/2024,19,0
10/26/2024,20,0
10/26/2024,21,0
10/26/2024,22,0
10/26/2024,23,0
10/27/2024,0,0
10/27/2024,1,0
10/27/2024,2,0
10/27/2024,2,0
10/27/2024,3,0
10/27/2024,4,0
10/27/2024,5,0
10/27/2024,6,0
10/27/2024,7,0
10/27/2024,8,0
10/27/2024,9,0
10/27/2024,10,0
10/27/2024,11,0
10/27/2024,12,0
10/27/2024,13,0
10/27/2024,14,0
10/27/2024,15,0
10/27/2024,16,0
10/27/2024,17,0
10/27/2024,18,0
10/27/2024,19,0
10/27/2024,20,0
10/27/2024,21,0
10/27/2024,22,0
10/27/2024,23,0
10/28/2024,0,0
10/28/2024,1,0
10/28/2024,2,0
10/28/2024,3,0
10/28/2024,4,0
10/28/2024,5,0
10/28/2024,6,0
10/28/2024,7,0
10/28/2024,8,0
10/28/2024,9,0
10/28/2024,10,0
10/28/2024,11,0
10/28/2024,12,0
10/28/2024,13,0
10/28/2024,14,0
10/28/2024,15,0
10/28/2024,16,0
10/28/2024,17,0
10/28/2024,18,0
10/28/2024,19,0
10/28/2024,20,0
10/28/2024,21,0
10/28/2024,22,0
10/28/2024,23,0
10/29/2024,0,0
10/29/2024,1,0
10/29/2024,2,0
10/29/2024,3,0
10/29/2024,4,0
10/29/2024,5,0
10/29/2024,6,0
10/29/2024,7,0
10/29/2024,8,0
10/29/2024,9,-
10/29/2024,10,-
10/29/2024,11,-
10/29/2024,12,-
10/29/2024,13,-
10/29/2024,14,-
10/29/2024,15,-
10/29/2024,16,-
10/29/2024,17,-
10/29/2024,18,-
10/29/2024,19,-
10/29/2024,20,-
10/29/2024,21,-
10/29/2024,22,-
10/29/2024,23,-
10/30/2024,0,-
10/30/2024,1,-
10/30/2024,2,-
10/30/2024,3,-
10/30/2024,4,-
10/30/2024,5,-
10/30/2024,6,-
11/7/2024,10,0
11/7/2024,11,0
11/7/2024,12,0
11/7/2024,13,0
11/7/2024,14,0
11/7/2024,15,0
11/7/2024,16,0
11/7/2024,17,0
11/7/2024,18,0
11/7/2024,19,0
11/7/2024,20,0
11/7/2024,21,0
11/7/2024,22,0
11/7/2024,23,0
11/8/2024,0,0
11/8/2024,1,0
11/8/2024,2,0
11/8/2024,3,0
11/8/2024,4,0
11/8/2024,5,0
11/8/2024,6,0
11/8/2024,7,0
11/8/2024,8,0
11/8/2024,9,0
11/8/2024,10,0
11/8/2024,11,0
11/8/2024,12,0
11/8/2024,13,0
11/8/2024,14,0
11/8/2024,15,0
11/8/2024,16,0
11/8/2024,17,0
11/8/2024,18,0
11/8/2024,19,0
11/8/2024,20,0
11/8/2024,21,0
11/8/2024,22,0
11/9/2024,3,0
11/9/2024,4,0
11/9/2024,5,0
11/9/2024,7,0
11/9/2024,8,0
11/9/2024,9,0
11/9/2024,10,0
11/9/2024,11,0
11/9/2024,12,0
11/9/2024,13,0
11/9/2024,14,0
11/9/2024,15,0
11/9/2024,16,0
11/9/2024,17,0
11/9/2024,18,0
11/9/2024,19,0
11/9/2024,20,0
11/9/2024,21,0
11/9/2024,22,0
11/9/2024,23,0
11/10/2024,0,0
11/10/2024,1,0
11/10/2024,2,0
11/10/2024,3,0
11/10/2024,4,0
11/10/2024,5,0
11/10/2024,6,0
11/10/2024,7,0
11/10/2024,8,0
11/10/2024,9,0
11/10/2024,10,0
11/10/2024,11,0
11/10/2024,12,0
11/10/2024,13,0
11/10/2024,14,0
11/10/2024,15,0
11/10/2024,16,0
11/10/2024,17,0
11/10/2024,18,0
11/10/2024,19,0
11/10/2024,20,0
11/10/2024,21,0
11/10/2024,22,0
11/10/2024,23,0
11/11/2024,0,0
11/11/2024,1,0
11/11/2024,2,0
11/11/2024,3,0
11/11/2024,4,0
11/11/2024,5,0
11/11/2024,6,0
11/11/2024,7,0
11/11/2024,8,0
11/11/2024,9,0
11/11/2024,10,0
11/11/2024,11,0
11/11/2024,12,0
11/11/2024,13,0
11/11/2024,14,0
11/11/2024,15,0
11/11/2024,16,0
11/11/2024,17,0
11/11/2024,18,0
11/11/2024,19,0
11/11/2024,20,0
11/11/2024,21,0
11/11/2024,22,0
11/11/2024,23,0
11/12/2024,0,0
11/12/2024,1,0
11/12/2024,2,0
11/12/2024,3,0
11/12/2024,4,0
11/12/2024,5,0
11/12/2024,6,0
11/12/2024,7,0
11/12/2024,8,0
11/12/2024,9,0
11/12/2024,10,0
11/12/2024,11,0
11/12/2024,12,0
11/12/2024,13,0
11/12/2024,14,0
11/12/2024,15,0
11/12/2024,16,0
11/12/2024,17,0
11/12/2024,18,0
11/12/2024,19,0
11/12/2024,20,0
11/12/2024,21,0
11/12/2024,22,0
11/12/2024,23,0
11/13/2024,0,0
11/13/2024,1,0
11/13/2024,2,0
11/13/2024,3,0
11/13/2024,4,0
11/13/2024,5,0
11/13/2024,6,0
11/13/2024,7,0
11/13/2024,8,0
11/13/2024,9,0
11/13/2024,10,0
11/13/2024,11,0
11/13/2024,12,0
11/13/2024,13,0
11/13/2024,14,0
11/13/2024,15,0
11/13/2024,16,0
11/13/2024,17,0
11/13/2024,18,0
11/13/2024,19,0
11/13/2024,20,0
11/13/2024,21,0
11/13/2024,22,0
11/13/2024,23,0
11/14/2024,0,0
11/14/2024,1,0
11/14/2024,2,0
11/14/2024,3,0
11/14/2024,4,0
11/14/2024,5,0
11/14/2024,6,0
11/14/2024,7,0
11/14/2024,8,0
11/14/2024,9,0
11/14/2024,10,0
11/14/2024,11,0
11/14/2024,12,0
11/14/2024,13,0
11/14/2024,15,0
11/14/2024,16,0
11/14/2024,17,0
11/14/2024,18,0
11/14/2024,19,0
11/14/2024,20,0
11/14/2024,21,0
11/14/2024,22,0
11/14/2024,23,0
11/15/2024,0,0
11/15/2024,1,0
11/15/2024,2,0
11/15/2024,3,0
11/15/2024,4,0
11/15/2024,5,0
11/15/2024,6,0
11/15/2024,7,0
11/15/2024,8,0
11/15/2024,9,0
11/15/2024,10,0
11/15/2024,11,0
11/15/2024,12,0
11/15/2024,13,0
11/15/2024,14,0
11/15/2024,15,0
11/15/2024,16,0
11/15/2024,17,0
11/15/2024,18,0
11/15/2024,19,0
11/15/2024,20,0
11/15/2024,21,0
11/15/2024,22,0
11/15/2024,23,0
11/16/2024,0,0
11/16/2024,1,0
11/16/2024,2,0
11/16/2024,3,0
11/16/2024,4,0
11/16/2024,5,0
11/16/2024,6,0
11/16/2024,7,0
11/16/2024,8,0
11/16/2024,9,0
11/16/2024,10,0.2
11/16/2024,11,0
11/16/2024,12,0.2
11/16/2024,13,0
11/16/2024,14,0
11/16/2024,15,0
11/16/2024,16,0
11/16/2024,17,0
11/16/2024,18,0
11/16/2024,19,0
11/16/2024,20,0
11/16/2024,21,0
11/16/2024,22,0
11/16/2024,23,0
11/17/2024,0,0
11/17/2024,1,0
11/17/2024,2,0
11/17/2024,3,0
11/17/2024,4,0
11/17/2024,5,0
11/17/2024,6,0
11/17/2024,7,0
11/17/2024,8,0
11/17/2024,9,0
11/17/2024,10,0
11/17/2024,11,0
11/17/2024,12,0
11/17/2024,13,0
11/17/2024,14,0
11/17/2024,15,0
11/17/2024,16,0
11/17/2024,17,0
11/17/2024,18,0
11/17/2024,19,0
11/17/2024,20,0
11/17/2024,21,0
11/17/2024,22,0
11/17/2024,23,0
11/18/2024,0,0
11/18/2024,1,0
11/18/2024,2,0
11/18/2024,3,0
11/18/2024,4,0
11/18/2024,5,0
11/18/2024,6,0
11/18/2024,7,0
11/18/2024,8,0
11/18/2024,9,0
11/18/2024,10,0
11/18/2024,11,0
11/18/2024,12,0
11/18/2024,13,0
11/18/2024,14,0
11/18/2024,15,0
11/18/2024,16,0
11/18/2024,17,0
11/18/2024,18,0
11/18/2024,19,0
11/18/2024,20,0
11/18/2024,21,0
11/18/2024,22,0
11/18/2024,23,0
11/19/2024,0,0
11/19/2024,1,0
11/19/2024,2,0
11/19/2024,3,0
11/19/2024,4,0
11/19/2024,5,0
11/19/2024,6,0
11/19/2024,7,0
11/19/2024,8,0
11/19/2024,9,0
11/19/2024,10,0
11/19/2024,11,0
11/19/2024,12,0
11/19/2024,13,0
11/19/2024,14,0
11/19/2024,15,0
11/19/2024,16,0
11/19/2024,17,0
11/19/2024,18,0
11/19/2024,19,0
11/19/2024,20,0
11/19/2024,21,0
11/19/2024,22,0
11/19/2024,23,0
11/20/2024,0,0
11/20/2024,1,0
11/20/2024,2,0
11/20/2024,3,0
11/20/2024,4,0
11/20/2024,5,0
11/20/2024,6,0
11/20/2024,7,0
11/20/2024,8,0
11/20/2024,9,0
11/20/2024,10,0
11/20/2024,11,0
11/20/2024,12,0
11/20/2024,13,0
11/20/2024,14,0
11/20/2024,15,0
11/20/2024,16,0
11/20/2024,17,0
11/20/2024,18,0
11/20/2024,19,0
11/20/2024,20,0
11/20/2024,21,0
11/20/2024,22,0
11/20/2024,23,0
11/21/2024,0,0.2
11/21/2024,1,0
11/21/2024,2,0
11/21/2024,3,0
11/21/2024,4,0
11/21/2024,5,0
11/21/2024,6,0
11/21/2024,7,0
11/21/2024,8,0
11/21/2024,9,0
11/21/2024,10,0
11/21/2024,11,0
11/21/2024,12,0
11/21/2024,13,0
11/21/2024,14,0
11/21/2024,15,0
11/21/2024,16,0
11/21/2024,17,0
11/21/2024,18,0
11/21/2024,19,0
11/21/2024,20,0
11/21/2024,21,0
11/21/2024,22,0
11/21/2024,23,0
11/22/2024,0,0
11/22/2024,1,0
11/22/2024,2,0
11/22/2024,3,0
11/22/2024,4,0
11/22/2024,5,0
11/22/2024,6,0
11/22/2024,7,0
11/22/2024,8,0
11/22/2024,9,0
11/22/2024,10,0
11/22/2024,11,0
11/22/2024,12,0
11/22/2024,13,0
11/22/2024,14,0
11/22/2024,15,0
11/22/2024,16,0
11/22/2024,17,0
11/22/2024,18,0
11/22/2024,19,0
11/22/2024,20,0
11/22/2024,21,0.2
11/22/2024,22,0
11/22/2024,23,0
11/23/2024,0,0
11/23/2024,1,0
11/23/2024,2,0
11/23/2024,3,0
11/23/2024,4,0
11/23/2024,5,0
11/23/2024,6,0
11/23/2024,7,0
11/23/2024,8,0
11/23/2024,9,0
11/23/2024,10,0
11/23/2024,11,0
11/23/2024,12,0
11/23/2024,13,0
11/23/2024,14,0
11/23/2024,15,0
11/23/2024,16,0
11/23/2024,17,0
11/23/2024,18,0
11/23/2024,19,0
11/23/2024,20,0
11/23/2024,21,0
11/23/2024,22,0
11/23/2024,23,0
11/24/2024,0,0
11/24/2024,1,0
11/24/2024,2,0
11/24/2024,3,0
11/24/2024,4,0
11/24/2024,5,0
11/24/2024,6,0
11/24/2024,7,0
11/24/2024,8,0
11/24/2024,9,0
11/24/2024,10,0
11/24/2024,11,0
11/24/2024,12,0
11/24/2024,13,0
11/24/2024,14,0
11/24/2024,15,0
11/24/2024,16,0
11/24/2024,17,0
11/24/2024,18,0
11/24/2024,19,0
11/24/2024,20,0
11/24/2024,21,0
11/24/2024,22,0
11/24/2024,23,0
11/25/2024,0,0
11/25/2024,1,0
11/25/2024,2,0
11/25/2024,3,0
11/25/2024,4,0
11/25/2024,5,0.2
11/25/2024,6,0
11/25/2024,7,0
11/25/2024,8,0
11/25/2024,9,0
11/25/2024,10,0
11/25/2024,11,0
11/25/2024,12,0
11/25/2024,13,0
11/25/2024,14,0
11/25/2024,15,0
11/25/2024,16,0
11/25/2024,17,0
11/25/2024,18,0
11/25/2024,19,0
11/25/2024,20,0
11/25/2024,21,0
11/25/2024,22,0
11/25/2024,23,0
11/26/2024,0,0
11/26/2024,1,0
11/26/2024,2,0
11/26/2024,3,0
11/26/2024,4,0
11/26/2024,5,0
11/26/2024,6,0
11/26/2024,7,0
11/26/2024,8,0
11/26/2024,9,0
11/26/2024,10,0
11/26/2024,11,0
11/26/2024,12,0
11/26/2024,13,0
11/26/2024,14,0
11/26/2024,15,0
11/26/2024,16,0
11/26/2024,17,0
11/26/2024,18,0
11/26/2024,19,0
